0 verbose cli /data/data/com.termux/files/usr/bin/node /data/data/com.termux/files/usr/bin/npm
1 info using npm@11.17.0
2 info using node@v26.3.1
3 silly config load:file:/data/data/com.termux/files/usr/lib/node_modules/npm/npmrc
4 silly config load:file:/data/data/com.termux/files/home/.npmrc
5 silly config load:file:/data/data/com.termux/files/usr/etc/npmrc
6 verbose title npm install @whiskeysockets/baileys qrcode-terminal yt-search node-gtts axios fluent-ffmpeg
7 verbose argv "install" "@whiskeysockets/baileys" "qrcode-terminal" "yt-search" "node-gtts" "axios" "fluent-ffmpeg"
8 verbose logfile logs-max:10 dir:/data/data/com.termux/files/home/.npm/_logs/2026-08-06T12_41_23_916Z-
9 verbose logfile /data/data/com.termux/files/home/.npm/_logs/2026-08-06T12_41_23_916Z-debug-0.log
10 silly logfile done cleaning log files
11 silly packumentCache heap:1174405120 maxSize:293601280 maxEntrySize:146800640
12 silly idealTree buildDeps
13 silly fetch manifest @whiskeysockets/baileys@^7.0.0-rc14
14 silly packumentCache full:https://registry.npmjs.org/@whiskeysockets%2fbaileys cache-miss
15 http fetch GET 200 https://registry.npmjs.org/@whiskeysockets%2fbaileys 1223ms (cache revalidated)
16 silly packumentCache full:https://registry.npmjs.org/@whiskeysockets%2fbaileys set size:249078 disposed:false
17 silly fetch manifest audio-decode@^2.1.3
18 silly packumentCache full:https://registry.npmjs.org/audio-decode cache-miss
19 http fetch GET 200 https://registry.npmjs.org/audio-decode 406ms (cache revalidated)
20 silly packumentCache full:https://registry.npmjs.org/audio-decode set size:137099 disposed:false
21 silly fetch manifest jimp@^1.6.1
22 silly packumentCache full:https://registry.npmjs.org/jimp cache-miss
23 http fetch GET 200 https://registry.npmjs.org/jimp 469ms (cache revalidated)
24 silly packumentCache full:https://registry.npmjs.org/jimp set size:1198045 disposed:false
25 silly fetch manifest link-preview-js@^3.0.0
26 silly packumentCache full:https://registry.npmjs.org/link-preview-js cache-miss
27 http fetch GET 200 https://registry.npmjs.org/link-preview-js 346ms (cache revalidated)
28 silly packumentCache full:https://registry.npmjs.org/link-preview-js set size:160103 disposed:false
29 silly fetch manifest sharp@*
30 silly packumentCache full:https://registry.npmjs.org/sharp cache-miss
31 http fetch GET 200 https://registry.npmjs.org/sharp 106ms (cache revalidated)
32 silly packumentCache full:https://registry.npmjs.org/sharp set size:1201295 disposed:false
33 silly fetch manifest qrcode-terminal@^0.12.0
34 silly packumentCache full:https://registry.npmjs.org/qrcode-terminal cache-miss
35 http fetch GET 200 https://registry.npmjs.org/qrcode-terminal 80ms (cache revalidated)
36 silly packumentCache full:https://registry.npmjs.org/qrcode-terminal set size:29799 disposed:false
37 silly fetch manifest yt-search@*
38 silly packumentCache full:https://registry.npmjs.org/yt-search cache-miss
39 http fetch GET 200 https://registry.npmjs.org/yt-search 385ms (cache miss)
40 silly packumentCache full:https://registry.npmjs.org/yt-search set size:undefined disposed:false
41 silly fetch manifest node-gtts@*
42 silly packumentCache full:https://registry.npmjs.org/node-gtts cache-miss
43 http fetch GET 200 https://registry.npmjs.org/node-gtts 399ms (cache miss)
44 silly packumentCache full:https://registry.npmjs.org/node-gtts set size:undefined disposed:false
45 silly fetch manifest axios@*
46 silly packumentCache full:https://registry.npmjs.org/axios cache-miss
47 http fetch GET 200 https://registry.npmjs.org/axios 130ms (cache miss)
48 silly packumentCache full:https://registry.npmjs.org/axios set size:undefined disposed:false
49 silly fetch manifest fluent-ffmpeg@*
50 silly packumentCache full:https://registry.npmjs.org/fluent-ffmpeg cache-miss
51 http fetch GET 200 https://registry.npmjs.org/fluent-ffmpeg 491ms (cache miss)
52 silly packumentCache full:https://registry.npmjs.org/fluent-ffmpeg set size:undefined disposed:false
53 silly placeDep ROOT @whiskeysockets/baileys@7.0.0-rc14 REPLACE for: home@1.0.0 want: ^7.0.0-rc14
54 silly placeDep ROOT axios@1.19.0 OK for: home@1.0.0 want: *
55 silly placeDep ROOT fluent-ffmpeg@2.1.3 OK for: home@1.0.0 want: *
56 silly placeDep ROOT node-gtts@2.0.2 OK for: home@1.0.0 want: *
57 silly placeDep ROOT qrcode-terminal@0.12.0 REPLACE for: home@1.0.0 want: ^0.12.0
58 silly placeDep ROOT yt-search@2.13.1 OK for: home@1.0.0 want: *
59 silly fetch manifest form-data@^4.0.6
60 silly packumentCache full:https://registry.npmjs.org/form-data cache-miss
61 silly fetch manifest proxy-from-env@^2.1.0
62 silly packumentCache full:https://registry.npmjs.org/proxy-from-env cache-miss
63 silly fetch manifest follow-redirects@^1.16.0
64 silly packumentCache full:https://registry.npmjs.org/follow-redirects cache-miss
65 silly fetch manifest https-proxy-agent@^5.0.1
66 silly packumentCache full:https://registry.npmjs.org/https-proxy-agent cache-miss
67 silly fetch manifest async@^0.2.9
68 silly packumentCache full:https://registry.npmjs.org/async cache-miss
69 silly fetch manifest which@^1.1.1
70 silly packumentCache full:https://registry.npmjs.org/which cache-miss
71 silly fetch manifest async@^2.4.1
72 silly packumentCache full:https://registry.npmjs.org/async cache-miss
73 http fetch GET 200 https://registry.npmjs.org/form-data 98ms (cache miss)
74 silly packumentCache full:https://registry.npmjs.org/form-data set size:undefined disposed:false
75 silly fetch manifest escape-string-regexp@^1.0.5
76 silly packumentCache full:https://registry.npmjs.org/escape-string-regexp cache-miss
77 http fetch GET 200 https://registry.npmjs.org/escape-string-regexp 79ms (cache miss)
78 silly packumentCache full:https://registry.npmjs.org/escape-string-regexp set size:undefined disposed:false
79 silly fetch manifest fake-useragent@^1.0.1
80 silly packumentCache full:https://registry.npmjs.org/fake-useragent cache-miss
81 http fetch GET 200 https://registry.npmjs.org/async 209ms (cache revalidated)
82 silly packumentCache full:https://registry.npmjs.org/async set size:230482 disposed:false
83 silly fetch manifest multistream@^2.1.0
84 silly packumentCache full:https://registry.npmjs.org/multistream cache-miss
85 http fetch GET 200 https://registry.npmjs.org/proxy-from-env 250ms (cache revalidated)
86 silly packumentCache full:https://registry.npmjs.org/proxy-from-env set size:21422 disposed:false
87 silly fetch manifest request@^2.81.0
88 silly packumentCache full:https://registry.npmjs.org/request cache-miss
89 http fetch GET 200 https://registry.npmjs.org/async 272ms (cache revalidated)
90 silly packumentCache full:https://registry.npmjs.org/async set size:230482 disposed:false
91 silly packumentCache full:https://registry.npmjs.org/async dispose
92 silly fetch manifest async.parallellimit@~0.5.2
93 silly packumentCache full:https://registry.npmjs.org/async.parallellimit cache-miss
94 http fetch GET 200 https://registry.npmjs.org/which 287ms (cache miss)
95 silly packumentCache full:https://registry.npmjs.org/which set size:undefined disposed:false
96 silly fetch manifest cheerio@^1.0.0-rc.10
97 silly packumentCache full:https://registry.npmjs.org/cheerio cache-miss
98 http fetch GET 200 https://registry.npmjs.org/follow-redirects 317ms (cache revalidated)
99 silly packumentCache full:https://registry.npmjs.org/follow-redirects set size:188945 disposed:false
100 silly fetch manifest dasu@~0.4.3
101 silly packumentCache full:https://registry.npmjs.org/dasu cache-miss
102 http fetch GET 200 https://registry.npmjs.org/https-proxy-agent 333ms (cache revalidated)
103 silly packumentCache full:https://registry.npmjs.org/https-proxy-agent set size:83792 disposed:false
104 silly fetch manifest boolstring@~2.0.1
105 silly packumentCache full:https://registry.npmjs.org/boolstring cache-miss
106 http fetch GET 200 https://registry.npmjs.org/cheerio 88ms (cache miss)
107 silly packumentCache full:https://registry.npmjs.org/cheerio set size:undefined disposed:false
108 silly fetch manifest human-time@0.0.2
109 silly packumentCache full:https://registry.npmjs.org/human-time cache-miss
110 http fetch GET 200 https://registry.npmjs.org/fake-useragent 321ms (cache miss)
111 silly packumentCache full:https://registry.npmjs.org/fake-useragent set size:undefined disposed:false
112 silly fetch manifest jsonpath-plus@~10.3.0
113 silly packumentCache full:https://registry.npmjs.org/jsonpath-plus cache-miss
114 http fetch GET 200 https://registry.npmjs.org/multistream 380ms (cache miss)
115 silly packumentCache full:https://registry.npmjs.org/multistream set size:undefined disposed:false
116 silly fetch manifest minimist@~1.2.5
117 silly packumentCache full:https://registry.npmjs.org/minimist cache-miss
118 http fetch GET 200 https://registry.npmjs.org/async.parallellimit 336ms (cache miss)
119 silly packumentCache full:https://registry.npmjs.org/async.parallellimit set size:undefined disposed:false
120 silly fetch manifest node-fzf@~0.14.0
121 silly packumentCache full:https://registry.npmjs.org/node-fzf cache-miss
122 http fetch GET 200 https://registry.npmjs.org/boolstring 324ms (cache miss)
123 silly packumentCache full:https://registry.npmjs.org/boolstring set size:undefined disposed:false
124 http fetch GET 200 https://registry.npmjs.org/request 416ms (cache miss)
125 silly packumentCache full:https://registry.npmjs.org/request set size:undefined disposed:false
126 http fetch GET 200 https://registry.npmjs.org/dasu 410ms (cache miss)
127 silly packumentCache full:https://registry.npmjs.org/dasu set size:undefined disposed:false
128 http fetch GET 200 https://registry.npmjs.org/human-time 347ms (cache miss)
129 silly packumentCache full:https://registry.npmjs.org/human-time set size:undefined disposed:false
130 http fetch GET 200 https://registry.npmjs.org/minimist 156ms (cache miss)
131 silly packumentCache full:https://registry.npmjs.org/minimist set size:undefined disposed:false
132 http fetch GET 200 https://registry.npmjs.org/jsonpath-plus 344ms (cache miss)
133 silly packumentCache full:https://registry.npmjs.org/jsonpath-plus set size:undefined disposed:false
134 http fetch GET 200 https://registry.npmjs.org/node-fzf 314ms (cache miss)
135 silly packumentCache full:https://registry.npmjs.org/node-fzf set size:undefined disposed:false
136 silly placeDep ROOT follow-redirects@1.16.0 OK for: axios@1.19.0 want: ^1.16.0
137 silly placeDep ROOT form-data@4.0.6 OK for: axios@1.19.0 want: ^4.0.6
138 silly placeDep ROOT https-proxy-agent@5.0.1 OK for: axios@1.19.0 want: ^5.0.1
139 silly placeDep ROOT proxy-from-env@2.1.0 OK for: axios@1.19.0 want: ^2.1.0
140 silly fetch manifest hasown@^2.0.4
141 silly packumentCache full:https://registry.npmjs.org/hasown cache-miss
142 silly fetch manifest asynckit@^0.4.0
143 silly packumentCache full:https://registry.npmjs.org/asynckit cache-miss
144 silly fetch manifest mime-types@^2.1.35
145 silly packumentCache full:https://registry.npmjs.org/mime-types cache-miss
146 silly fetch manifest combined-stream@^1.0.8
147 silly packumentCache full:https://registry.npmjs.org/combined-stream cache-miss
148 silly fetch manifest es-set-tostringtag@^2.1.0
149 silly packumentCache full:https://registry.npmjs.org/es-set-tostringtag cache-miss
150 silly fetch manifest agent-base@6
151 silly packumentCache full:https://registry.npmjs.org/agent-base cache-miss
152 http fetch GET 200 https://registry.npmjs.org/agent-base 118ms (cache revalidated)
153 silly packumentCache full:https://registry.npmjs.org/agent-base set size:72085 disposed:false
154 http fetch GET 200 https://registry.npmjs.org/hasown 138ms (cache miss)
155 silly packumentCache full:https://registry.npmjs.org/hasown set size:undefined disposed:false
156 http fetch GET 200 https://registry.npmjs.org/asynckit 141ms (cache miss)
157 silly packumentCache full:https://registry.npmjs.org/asynckit set size:undefined disposed:false
158 http fetch GET 200 https://registry.npmjs.org/es-set-tostringtag 141ms (cache miss)
159 silly packumentCache full:https://registry.npmjs.org/es-set-tostringtag set size:undefined disposed:false
160 http fetch GET 200 https://registry.npmjs.org/combined-stream 147ms (cache miss)
161 silly packumentCache full:https://registry.npmjs.org/combined-stream set size:undefined disposed:false
162 http fetch GET 200 https://registry.npmjs.org/mime-types 154ms (cache miss)
163 silly packumentCache full:https://registry.npmjs.org/mime-types set size:undefined disposed:false
164 silly placeDep ROOT async@0.2.10 OK for: fluent-ffmpeg@2.1.3 want: ^0.2.9
165 silly placeDep ROOT which@1.3.1 OK for: fluent-ffmpeg@2.1.3 want: ^1.1.1
166 silly fetch manifest isexe@^2.0.0
167 silly packumentCache full:https://registry.npmjs.org/isexe cache-miss
168 http fetch GET 200 https://registry.npmjs.org/isexe 68ms (cache miss)
169 silly packumentCache full:https://registry.npmjs.org/isexe set size:undefined disposed:false
170 silly placeDep ROOT asynckit@0.4.0 OK for: form-data@4.0.6 want: ^0.4.0
171 silly placeDep ROOT combined-stream@1.0.8 OK for: form-data@4.0.6 want: ^1.0.8
172 silly placeDep ROOT es-set-tostringtag@2.1.0 OK for: form-data@4.0.6 want: ^2.1.0
173 silly placeDep ROOT hasown@2.0.4 OK for: form-data@4.0.6 want: ^2.0.4
174 silly placeDep ROOT mime-types@2.1.35 OK for: form-data@4.0.6 want: ^2.1.35
175 silly fetch manifest delayed-stream@~1.0.0
176 silly packumentCache full:https://registry.npmjs.org/delayed-stream cache-miss
177 silly fetch manifest es-errors@^1.3.0
178 silly packumentCache full:https://registry.npmjs.org/es-errors cache-miss
179 silly fetch manifest get-intrinsic@^1.2.6
180 silly packumentCache full:https://registry.npmjs.org/get-intrinsic cache-miss
181 silly fetch manifest has-tostringtag@^1.0.2
182 silly packumentCache full:https://registry.npmjs.org/has-tostringtag cache-miss
183 silly fetch manifest hasown@^2.0.2
184 silly packumentCache full:https://registry.npmjs.org/hasown cache-miss
185 silly fetch manifest function-bind@^1.1.2
186 silly packumentCache full:https://registry.npmjs.org/function-bind cache-miss
187 silly fetch manifest mime-db@1.52.0
188 silly packumentCache full:https://registry.npmjs.org/mime-db cache-miss
189 http cache https://registry.npmjs.org/hasown 28ms (cache hit)
190 silly packumentCache full:https://registry.npmjs.org/hasown set size:18361 disposed:false
191 http fetch GET 200 https://registry.npmjs.org/function-bind 116ms (cache miss)
192 silly packumentCache full:https://registry.npmjs.org/function-bind set size:undefined disposed:false
193 http fetch GET 200 https://registry.npmjs.org/es-errors 124ms (cache miss)
194 silly packumentCache full:https://registry.npmjs.org/es-errors set size:undefined disposed:false
195 http fetch GET 200 https://registry.npmjs.org/has-tostringtag 125ms (cache miss)
196 silly packumentCache full:https://registry.npmjs.org/has-tostringtag set size:undefined disposed:false
197 http fetch GET 200 https://registry.npmjs.org/delayed-stream 135ms (cache miss)
198 silly packumentCache full:https://registry.npmjs.org/delayed-stream set size:undefined disposed:false
199 http fetch GET 200 https://registry.npmjs.org/get-intrinsic 142ms (cache miss)
200 silly packumentCache full:https://registry.npmjs.org/get-intrinsic set size:undefined disposed:false
201 http fetch GET 200 https://registry.npmjs.org/mime-db 143ms (cache miss)
202 silly packumentCache full:https://registry.npmjs.org/mime-db set size:undefined disposed:false
203 silly placeDep ROOT delayed-stream@1.0.0 OK for: combined-stream@1.0.8 want: ~1.0.0
204 silly placeDep ROOT es-errors@1.3.0 OK for: es-set-tostringtag@2.1.0 want: ^1.3.0
205 silly placeDep ROOT get-intrinsic@1.3.0 OK for: es-set-tostringtag@2.1.0 want: ^1.2.6
206 silly placeDep ROOT has-tostringtag@1.0.2 OK for: es-set-tostringtag@2.1.0 want: ^1.0.2
207 silly fetch manifest gopd@^1.2.0
208 silly packumentCache full:https://registry.npmjs.org/gopd cache-miss
209 silly fetch manifest get-proto@^1.0.1
210 silly packumentCache full:https://registry.npmjs.org/get-proto cache-miss
211 silly fetch manifest has-symbols@^1.1.0
212 silly packumentCache full:https://registry.npmjs.org/has-symbols cache-miss
213 silly fetch manifest es-object-atoms@^1.1.1
214 silly packumentCache full:https://registry.npmjs.org/es-object-atoms cache-miss
215 silly fetch manifest math-intrinsics@^1.1.0
216 silly packumentCache full:https://registry.npmjs.org/math-intrinsics cache-miss
217 silly fetch manifest es-define-property@^1.0.1
218 silly packumentCache full:https://registry.npmjs.org/es-define-property cache-miss
219 silly fetch manifest call-bind-apply-helpers@^1.0.2
220 silly packumentCache full:https://registry.npmjs.org/call-bind-apply-helpers cache-miss
221 http fetch GET 200 https://registry.npmjs.org/gopd 116ms (cache miss)
222 silly packumentCache full:https://registry.npmjs.org/gopd set size:undefined disposed:false
223 silly fetch manifest has-symbols@^1.0.3
224 silly packumentCache full:https://registry.npmjs.org/has-symbols cache-miss
225 http fetch GET 200 https://registry.npmjs.org/es-define-property 122ms (cache miss)
226 silly packumentCache full:https://registry.npmjs.org/es-define-property set size:undefined disposed:false
227 http fetch GET 200 https://registry.npmjs.org/get-proto 129ms (cache miss)
228 silly packumentCache full:https://registry.npmjs.org/get-proto set size:undefined disposed:false
229 http fetch GET 200 https://registry.npmjs.org/math-intrinsics 128ms (cache miss)
230 silly packumentCache full:https://registry.npmjs.org/math-intrinsics set size:undefined disposed:false
231 http fetch GET 200 https://registry.npmjs.org/has-symbols 133ms (cache miss)
232 silly packumentCache full:https://registry.npmjs.org/has-symbols set size:undefined disposed:false
233 http fetch GET 200 https://registry.npmjs.org/es-object-atoms 135ms (cache miss)
234 silly packumentCache full:https://registry.npmjs.org/es-object-atoms set size:undefined disposed:false
235 http fetch GET 200 https://registry.npmjs.org/call-bind-apply-helpers 133ms (cache miss)
236 silly packumentCache full:https://registry.npmjs.org/call-bind-apply-helpers set size:undefined disposed:false
237 http fetch GET 200 https://registry.npmjs.org/has-symbols 65ms (cache miss)
238 silly packumentCache full:https://registry.npmjs.org/has-symbols set size:undefined disposed:false
239 silly placeDep ROOT call-bind-apply-helpers@1.0.2 OK for: get-intrinsic@1.3.0 want: ^1.0.2
240 silly placeDep ROOT es-define-property@1.0.1 OK for: get-intrinsic@1.3.0 want: ^1.0.1
241 silly placeDep ROOT es-object-atoms@1.1.2 OK for: get-intrinsic@1.3.0 want: ^1.1.1
242 silly placeDep ROOT function-bind@1.1.2 OK for: get-intrinsic@1.3.0 want: ^1.1.2
243 silly placeDep ROOT get-proto@1.0.1 OK for: get-intrinsic@1.3.0 want: ^1.0.1
244 silly placeDep ROOT gopd@1.2.0 OK for: get-intrinsic@1.3.0 want: ^1.2.0
245 silly placeDep ROOT has-symbols@1.1.0 OK for: get-intrinsic@1.3.0 want: ^1.1.0
246 silly placeDep ROOT math-intrinsics@1.1.0 OK for: get-intrinsic@1.3.0 want: ^1.1.0
247 silly fetch manifest dunder-proto@^1.0.1
248 silly packumentCache full:https://registry.npmjs.org/dunder-proto cache-miss
249 http fetch GET 200 https://registry.npmjs.org/dunder-proto 68ms (cache miss)
250 silly packumentCache full:https://registry.npmjs.org/dunder-proto set size:undefined disposed:false
251 silly placeDep ROOT dunder-proto@1.0.1 OK for: get-proto@1.0.1 want: ^1.0.1
252 silly placeDep ROOT agent-base@6.0.2 OK for: https-proxy-agent@5.0.1 want: 6
253 silly placeDep ROOT mime-db@1.52.0 OK for: mime-types@2.1.35 want: 1.52.0
254 silly placeDep node_modules/node-gtts async@2.6.4 OK for: node-gtts@2.0.2 want: ^2.4.1
255 silly placeDep ROOT escape-string-regexp@1.0.5 OK for: node-gtts@2.0.2 want: ^1.0.5
256 silly placeDep ROOT fake-useragent@1.0.1 OK for: node-gtts@2.0.2 want: ^1.0.1
257 silly placeDep ROOT multistream@2.1.1 OK for: node-gtts@2.0.2 want: ^2.1.0
258 silly placeDep ROOT request@2.88.2 OK for: node-gtts@2.0.2 want: ^2.81.0
259 silly fetch manifest lodash@^4.17.14
260 silly packumentCache full:https://registry.npmjs.org/lodash cache-miss
261 silly fetch manifest inherits@^2.0.1
262 silly packumentCache full:https://registry.npmjs.org/inherits cache-miss
263 silly fetch manifest readable-stream@^2.0.5
264 silly packumentCache full:https://registry.npmjs.org/readable-stream cache-miss
265 silly fetch manifest qs@~6.5.2
266 silly packumentCache full:https://registry.npmjs.org/qs cache-miss
267 silly fetch manifest aws4@^1.8.0
268 silly packumentCache full:https://registry.npmjs.org/aws4 cache-miss
269 silly fetch manifest uuid@^3.3.2
270 silly packumentCache full:https://registry.npmjs.org/uuid cache-miss
271 silly fetch manifest extend@~3.0.2
272 silly packumentCache full:https://registry.npmjs.org/extend cache-miss
273 http fetch GET 200 https://registry.npmjs.org/inherits 133ms (cache miss)
274 silly packumentCache full:https://registry.npmjs.org/inherits set size:undefined disposed:false
275 silly fetch manifest caseless@~0.12.0
276 silly packumentCache full:https://registry.npmjs.org/caseless cache-miss
277 http fetch GET 200 https://registry.npmjs.org/aws4 139ms (cache miss)
278 silly packumentCache full:https://registry.npmjs.org/aws4 set size:undefined disposed:false
279 silly fetch manifest isstream@~0.1.2
280 silly packumentCache full:https://registry.npmjs.org/isstream cache-miss
281 http fetch GET 200 https://registry.npmjs.org/uuid 153ms (cache miss)
282 silly packumentCache full:https://registry.npmjs.org/uuid set size:undefined disposed:false
283 silly fetch manifest aws-sign2@~0.7.0
284 silly packumentCache full:https://registry.npmjs.org/aws-sign2 cache-miss
285 http fetch GET 200 https://registry.npmjs.org/readable-stream 178ms (cache miss)
286 silly packumentCache full:https://registry.npmjs.org/readable-stream set size:undefined disposed:false
287 silly fetch manifest form-data@~2.3.2
288 silly packumentCache full:https://registry.npmjs.org/form-data cache-miss
289 http cache https://registry.npmjs.org/form-data 10ms (cache hit)
290 silly packumentCache full:https://registry.npmjs.org/form-data set size:153174 disposed:false
291 silly fetch manifest oauth-sign@~0.9.0
292 silly packumentCache full:https://registry.npmjs.org/oauth-sign cache-miss
293 http fetch GET 200 https://registry.npmjs.org/qs 216ms (cache miss)
294 silly packumentCache full:https://registry.npmjs.org/qs set size:undefined disposed:false
295 silly fetch manifest safe-buffer@^5.1.2
296 silly packumentCache full:https://registry.npmjs.org/safe-buffer cache-miss
297 http fetch GET 200 https://registry.npmjs.org/aws-sign2 71ms (cache miss)
298 silly packumentCache full:https://registry.npmjs.org/aws-sign2 set size:undefined disposed:false
299 silly fetch manifest tough-cookie@~2.5.0
300 silly packumentCache full:https://registry.npmjs.org/tough-cookie cache-miss
301 http fetch GET 200 https://registry.npmjs.org/safe-buffer 102ms (cache revalidated)
302 silly packumentCache full:https://registry.npmjs.org/safe-buffer set size:41183 disposed:false
303 silly fetch manifest tunnel-agent@^0.6.0
304 silly packumentCache full:https://registry.npmjs.org/tunnel-agent cache-miss
305 http fetch GET 200 https://registry.npmjs.org/lodash 373ms (cache revalidated)
306 silly packumentCache full:https://registry.npmjs.org/lodash set size:247652 disposed:false
307 silly fetch manifest forever-agent@~0.6.1
308 silly packumentCache full:https://registry.npmjs.org/forever-agent cache-miss
309 http fetch GET 200 https://registry.npmjs.org/extend 386ms (cache miss)
310 silly packumentCache full:https://registry.npmjs.org/extend set size:undefined disposed:false
311 silly fetch manifest har-validator@~5.1.3
312 silly packumentCache full:https://registry.npmjs.org/har-validator cache-miss
313 http fetch GET 200 https://registry.npmjs.org/tunnel-agent 72ms (cache miss)
314 silly packumentCache full:https://registry.npmjs.org/tunnel-agent set size:undefined disposed:false
315 silly fetch manifest is-typedarray@~1.0.0
316 silly packumentCache full:https://registry.npmjs.org/is-typedarray cache-miss
317 http fetch GET 200 https://registry.npmjs.org/isstream 296ms (cache miss)
318 silly packumentCache full:https://registry.npmjs.org/isstream set size:undefined disposed:false
319 silly fetch manifest http-signature@~1.2.0
320 silly packumentCache full:https://registry.npmjs.org/http-signature cache-miss
321 http fetch GET 200 https://registry.npmjs.org/caseless 326ms (cache miss)
322 silly packumentCache full:https://registry.npmjs.org/caseless set size:undefined disposed:false
323 silly fetch manifest performance-now@^2.1.0
324 silly packumentCache full:https://registry.npmjs.org/performance-now cache-miss
325 http fetch GET 200 https://registry.npmjs.org/oauth-sign 323ms (cache miss)
326 silly packumentCache full:https://registry.npmjs.org/oauth-sign set size:undefined disposed:false
327 silly fetch manifest json-stringify-safe@~5.0.1
328 silly packumentCache full:https://registry.npmjs.org/json-stringify-safe cache-miss
329 http fetch GET 200 https://registry.npmjs.org/performance-now 76ms (cache miss)
330 silly packumentCache full:https://registry.npmjs.org/performance-now set size:undefined disposed:false
331 http fetch GET 200 https://registry.npmjs.org/tough-cookie 350ms (cache miss)
332 silly packumentCache full:https://registry.npmjs.org/tough-cookie set size:undefined disposed:false
333 http fetch GET 200 https://registry.npmjs.org/forever-agent 302ms (cache miss)
334 silly packumentCache full:https://registry.npmjs.org/forever-agent set size:undefined disposed:false
335 http fetch GET 200 https://registry.npmjs.org/is-typedarray 309ms (cache miss)
336 silly packumentCache full:https://registry.npmjs.org/is-typedarray set size:undefined disposed:false
337 http fetch GET 200 https://registry.npmjs.org/har-validator 340ms (cache miss)
338 silly packumentCache full:https://registry.npmjs.org/har-validator set size:undefined disposed:false
339 http fetch GET 200 https://registry.npmjs.org/http-signature 322ms (cache miss)
340 silly packumentCache full:https://registry.npmjs.org/http-signature set size:undefined disposed:false
341 http fetch GET 200 https://registry.npmjs.org/json-stringify-safe 346ms (cache revalidated)
342 silly packumentCache full:https://registry.npmjs.org/json-stringify-safe set size:8806 disposed:false
343 silly placeDep ROOT inherits@2.0.4 OK for: multistream@2.1.1 want: ^2.0.1
344 silly placeDep ROOT readable-stream@2.3.8 OK for: multistream@2.1.1 want: ^2.0.5
345 silly fetch manifest isarray@~1.0.0
346 silly packumentCache full:https://registry.npmjs.org/isarray cache-miss
347 silly fetch manifest safe-buffer@~5.1.1
348 silly packumentCache full:https://registry.npmjs.org/safe-buffer cache-hit
349 silly fetch manifest core-util-is@~1.0.0
350 silly packumentCache full:https://registry.npmjs.org/core-util-is cache-miss
351 silly fetch manifest string_decoder@~1.1.1
352 silly packumentCache full:https://registry.npmjs.org/string_decoder cache-miss
353 silly fetch manifest util-deprecate@~1.0.1
354 silly packumentCache full:https://registry.npmjs.org/util-deprecate cache-miss
355 silly fetch manifest process-nextick-args@~2.0.0
356 silly packumentCache full:https://registry.npmjs.org/process-nextick-args cache-miss
357 http fetch GET 200 https://registry.npmjs.org/process-nextick-args 84ms (cache miss)
358 silly packumentCache full:https://registry.npmjs.org/process-nextick-args set size:undefined disposed:false
359 http fetch GET 200 https://registry.npmjs.org/core-util-is 94ms (cache miss)
360 silly packumentCache full:https://registry.npmjs.org/core-util-is set size:undefined disposed:false
361 http fetch GET 200 https://registry.npmjs.org/string_decoder 103ms (cache miss)
362 silly packumentCache full:https://registry.npmjs.org/string_decoder set size:undefined disposed:false
363 http fetch GET 200 https://registry.npmjs.org/util-deprecate 106ms (cache miss)
364 silly packumentCache full:https://registry.npmjs.org/util-deprecate set size:undefined disposed:false
365 http fetch GET 200 https://registry.npmjs.org/isarray 115ms (cache miss)
366 silly packumentCache full:https://registry.npmjs.org/isarray set size:undefined disposed:false
367 silly placeDep ROOT core-util-is@1.0.3 OK for: readable-stream@2.3.8 want: ~1.0.0
368 silly placeDep ROOT isarray@1.0.0 OK for: readable-stream@2.3.8 want: ~1.0.0
369 silly placeDep ROOT process-nextick-args@2.0.1 OK for: readable-stream@2.3.8 want: ~2.0.0
370 silly placeDep ROOT safe-buffer@5.1.2 OK for: readable-stream@2.3.8 want: ~5.1.1
371 silly placeDep ROOT string_decoder@1.1.1 OK for: readable-stream@2.3.8 want: ~1.1.1
372 silly placeDep ROOT util-deprecate@1.0.2 OK for: readable-stream@2.3.8 want: ~1.0.1
373 silly placeDep ROOT aws-sign2@0.7.0 OK for: request@2.88.2 want: ~0.7.0
374 silly placeDep ROOT aws4@1.13.2 OK for: request@2.88.2 want: ^1.8.0
375 silly placeDep ROOT caseless@0.12.0 OK for: request@2.88.2 want: ~0.12.0
376 silly placeDep ROOT extend@3.0.2 OK for: request@2.88.2 want: ~3.0.2
377 silly placeDep ROOT forever-agent@0.6.1 OK for: request@2.88.2 want: ~0.6.1
378 silly placeDep node_modules/request form-data@2.3.3 OK for: request@2.88.2 want: ~2.3.2
379 silly placeDep ROOT har-validator@5.1.5 OK for: request@2.88.2 want: ~5.1.3
380 silly placeDep ROOT http-signature@1.2.0 OK for: request@2.88.2 want: ~1.2.0
381 silly placeDep ROOT is-typedarray@1.0.0 OK for: request@2.88.2 want: ~1.0.0
382 silly placeDep ROOT isstream@0.1.2 OK for: request@2.88.2 want: ~0.1.2
383 silly placeDep ROOT json-stringify-safe@5.0.1 OK for: request@2.88.2 want: ~5.0.1
384 silly placeDep ROOT oauth-sign@0.9.0 OK for: request@2.88.2 want: ~0.9.0
385 silly placeDep ROOT performance-now@2.1.0 OK for: request@2.88.2 want: ^2.1.0
386 silly placeDep ROOT qs@6.5.5 OK for: request@2.88.2 want: ~6.5.2
387 silly placeDep ROOT tough-cookie@2.5.0 OK for: request@2.88.2 want: ~2.5.0
388 silly placeDep ROOT tunnel-agent@0.6.0 OK for: request@2.88.2 want: ^0.6.0
389 silly placeDep ROOT uuid@3.4.0 OK for: request@2.88.2 want: ^3.3.2
390 silly fetch manifest ajv@^6.12.3
391 silly packumentCache full:https://registry.npmjs.org/ajv cache-miss
392 silly fetch manifest har-schema@^2.0.0
393 silly packumentCache full:https://registry.npmjs.org/har-schema cache-miss
394 silly fetch manifest sshpk@^1.7.0
395 silly packumentCache full:https://registry.npmjs.org/sshpk cache-miss
396 silly fetch manifest jsprim@^1.2.2
397 silly packumentCache full:https://registry.npmjs.org/jsprim cache-miss
398 silly fetch manifest assert-plus@^1.0.0
399 silly packumentCache full:https://registry.npmjs.org/assert-plus cache-miss
400 silly fetch manifest psl@^1.1.28
401 silly packumentCache full:https://registry.npmjs.org/psl cache-miss
402 silly fetch manifest punycode@^2.1.1
403 silly packumentCache full:https://registry.npmjs.org/punycode cache-miss
404 http fetch GET 200 https://registry.npmjs.org/assert-plus 110ms (cache miss)
405 silly packumentCache full:https://registry.npmjs.org/assert-plus set size:undefined disposed:false
406 http fetch GET 200 https://registry.npmjs.org/jsprim 117ms (cache miss)
407 silly packumentCache full:https://registry.npmjs.org/jsprim set size:undefined disposed:false
408 http fetch GET 200 https://registry.npmjs.org/punycode 117ms (cache miss)
409 silly packumentCache full:https://registry.npmjs.org/punycode set size:undefined disposed:false
410 http fetch GET 200 https://registry.npmjs.org/psl 132ms (cache miss)
411 silly packumentCache full:https://registry.npmjs.org/psl set size:undefined disposed:false
412 http fetch GET 200 https://registry.npmjs.org/ajv 175ms (cache miss)
413 silly packumentCache full:https://registry.npmjs.org/ajv set size:undefined disposed:false
414 http fetch GET 200 https://registry.npmjs.org/har-schema 349ms (cache miss)
415 silly packumentCache full:https://registry.npmjs.org/har-schema set size:undefined disposed:false
416 http fetch GET 200 https://registry.npmjs.org/sshpk 354ms (cache miss)
417 silly packumentCache full:https://registry.npmjs.org/sshpk set size:undefined disposed:false
418 silly placeDep ROOT ajv@6.15.0 OK for: har-validator@5.1.5 want: ^6.12.3
419 silly placeDep ROOT har-schema@2.0.0 OK for: har-validator@5.1.5 want: ^2.0.0
420 silly fetch manifest uri-js@^4.2.2
421 silly packumentCache full:https://registry.npmjs.org/uri-js cache-miss
422 silly fetch manifest fast-deep-equal@^3.1.1
423 silly packumentCache full:https://registry.npmjs.org/fast-deep-equal cache-miss
424 silly fetch manifest json-schema-traverse@^0.4.1
425 silly packumentCache full:https://registry.npmjs.org/json-schema-traverse cache-miss
426 silly fetch manifest fast-json-stable-stringify@^2.0.0
427 silly packumentCache full:https://registry.npmjs.org/fast-json-stable-stringify cache-miss
428 http fetch GET 200 https://registry.npmjs.org/json-schema-traverse 86ms (cache miss)
429 silly packumentCache full:https://registry.npmjs.org/json-schema-traverse set size:undefined disposed:false
430 http fetch GET 200 https://registry.npmjs.org/uri-js 93ms (cache miss)
431 silly packumentCache full:https://registry.npmjs.org/uri-js set size:undefined disposed:false
432 http fetch GET 200 https://registry.npmjs.org/fast-deep-equal 97ms (cache miss)
433 silly packumentCache full:https://registry.npmjs.org/fast-deep-equal set size:undefined disposed:false
434 http fetch GET 200 https://registry.npmjs.org/fast-json-stable-stringify 459ms (cache miss)
435 silly packumentCache full:https://registry.npmjs.org/fast-json-stable-stringify set size:undefined disposed:false
436 silly placeDep ROOT fast-deep-equal@3.1.3 OK for: ajv@6.15.0 want: ^3.1.1
437 silly placeDep ROOT fast-json-stable-stringify@2.1.0 OK for: ajv@6.15.0 want: ^2.0.0
438 silly placeDep ROOT json-schema-traverse@0.4.1 OK for: ajv@6.15.0 want: ^0.4.1
439 silly placeDep ROOT uri-js@4.4.1 OK for: ajv@6.15.0 want: ^4.2.2
440 silly fetch manifest punycode@^2.1.0
441 silly packumentCache full:https://registry.npmjs.org/punycode cache-miss
442 http cache https://registry.npmjs.org/punycode 9ms (cache hit)
443 silly packumentCache full:https://registry.npmjs.org/punycode set size:61278 disposed:false
444 silly placeDep ROOT assert-plus@1.0.0 OK for: http-signature@1.2.0 want: ^1.0.0
445 silly placeDep ROOT jsprim@1.4.2 OK for: http-signature@1.2.0 want: ^1.2.2
446 silly placeDep ROOT sshpk@1.18.0 OK for: http-signature@1.2.0 want: ^1.7.0
447 silly fetch manifest verror@1.10.0
448 silly packumentCache full:https://registry.npmjs.org/verror cache-miss
449 silly fetch manifest extsprintf@1.3.0
450 silly packumentCache full:https://registry.npmjs.org/extsprintf cache-miss
451 silly fetch manifest json-schema@0.4.0
452 silly packumentCache full:https://registry.npmjs.org/json-schema cache-miss
453 silly fetch manifest asn1@~0.2.3
454 silly packumentCache full:https://registry.npmjs.org/asn1 cache-miss
455 silly fetch manifest jsbn@~0.1.0
456 silly packumentCache full:https://registry.npmjs.org/jsbn cache-miss
457 silly fetch manifest getpass@^0.1.1
458 silly packumentCache full:https://registry.npmjs.org/getpass cache-miss
459 silly fetch manifest dashdash@^1.12.0
460 silly packumentCache full:https://registry.npmjs.org/dashdash cache-miss
461 http fetch GET 200 https://registry.npmjs.org/verror 126ms (cache miss)
462 silly packumentCache full:https://registry.npmjs.org/verror set size:undefined disposed:false
463 silly fetch manifest ecc-jsbn@~0.1.1
464 silly packumentCache full:https://registry.npmjs.org/ecc-jsbn cache-miss
465 http fetch GET 200 https://registry.npmjs.org/jsbn 127ms (cache miss)
466 silly packumentCache full:https://registry.npmjs.org/jsbn set size:undefined disposed:false
467 silly fetch manifest tweetnacl@~0.14.0
468 silly packumentCache full:https://registry.npmjs.org/tweetnacl cache-miss
469 http fetch GET 200 https://registry.npmjs.org/asn1 133ms (cache miss)
470 silly packumentCache full:https://registry.npmjs.org/asn1 set size:undefined disposed:false
471 silly fetch manifest bcrypt-pbkdf@^1.0.0
472 silly packumentCache full:https://registry.npmjs.org/bcrypt-pbkdf cache-miss
473 http fetch GET 200 https://registry.npmjs.org/extsprintf 147ms (cache miss)
474 silly packumentCache full:https://registry.npmjs.org/extsprintf set size:undefined disposed:false
475 silly fetch manifest safer-buffer@^2.0.2
476 silly packumentCache full:https://registry.npmjs.org/safer-buffer cache-miss
477 http fetch GET 200 https://registry.npmjs.org/json-schema 152ms (cache miss)
478 silly packumentCache full:https://registry.npmjs.org/json-schema set size:undefined disposed:false
479 http fetch GET 200 https://registry.npmjs.org/ecc-jsbn 101ms (cache miss)
480 silly packumentCache full:https://registry.npmjs.org/ecc-jsbn set size:undefined disposed:false
481 http fetch GET 200 https://registry.npmjs.org/safer-buffer 87ms (cache miss)
482 silly packumentCache full:https://registry.npmjs.org/safer-buffer set size:undefined disposed:false
483 http fetch GET 200 https://registry.npmjs.org/getpass 340ms (cache miss)
484 silly packumentCache full:https://registry.npmjs.org/getpass set size:undefined disposed:false
485 http fetch GET 200 https://registry.npmjs.org/dashdash 343ms (cache miss)
486 silly packumentCache full:https://registry.npmjs.org/dashdash set size:undefined disposed:false
487 http fetch GET 200 https://registry.npmjs.org/tweetnacl 326ms (cache miss)
488 silly packumentCache full:https://registry.npmjs.org/tweetnacl set size:undefined disposed:false
489 http fetch GET 200 https://registry.npmjs.org/bcrypt-pbkdf 377ms (cache miss)
490 silly packumentCache full:https://registry.npmjs.org/bcrypt-pbkdf set size:undefined disposed:false
491 silly placeDep ROOT extsprintf@1.3.0 OK for: jsprim@1.4.2 want: 1.3.0
492 silly placeDep ROOT json-schema@0.4.0 OK for: jsprim@1.4.2 want: 0.4.0
493 silly placeDep ROOT verror@1.10.0 OK for: jsprim@1.4.2 want: 1.10.0
494 silly fetch manifest core-util-is@1.0.2
495 silly packumentCache full:https://registry.npmjs.org/core-util-is cache-miss
496 http cache https://registry.npmjs.org/core-util-is 12ms (cache hit)
497 silly packumentCache full:https://registry.npmjs.org/core-util-is set size:7163 disposed:false
498 silly placeDep ROOT asn1@0.2.6 OK for: sshpk@1.18.0 want: ~0.2.3
499 silly placeDep ROOT bcrypt-pbkdf@1.0.2 OK for: sshpk@1.18.0 want: ^1.0.0
500 silly placeDep ROOT dashdash@1.14.1 OK for: sshpk@1.18.0 want: ^1.12.0
501 silly placeDep ROOT ecc-jsbn@0.1.2 OK for: sshpk@1.18.0 want: ~0.1.1
502 silly placeDep ROOT getpass@0.1.7 OK for: sshpk@1.18.0 want: ^0.1.1
503 silly placeDep ROOT jsbn@0.1.1 OK for: sshpk@1.18.0 want: ~0.1.0
504 silly placeDep ROOT safer-buffer@2.1.2 OK for: sshpk@1.18.0 want: ^2.0.2
505 silly placeDep ROOT tweetnacl@0.14.5 OK for: sshpk@1.18.0 want: ~0.14.0
506 silly fetch manifest safer-buffer@~2.1.0
507 silly packumentCache full:https://registry.npmjs.org/safer-buffer cache-miss
508 silly fetch manifest tweetnacl@^0.14.3
509 silly packumentCache full:https://registry.npmjs.org/tweetnacl cache-miss
510 silly fetch manifest safer-buffer@^2.1.0
511 silly packumentCache full:https://registry.npmjs.org/safer-buffer cache-miss
512 http cache https://registry.npmjs.org/safer-buffer 15ms (cache hit)
513 silly packumentCache full:https://registry.npmjs.org/safer-buffer set size:18521 disposed:false
514 http cache https://registry.npmjs.org/tweetnacl 17ms (cache hit)
515 silly packumentCache full:https://registry.npmjs.org/tweetnacl set size:79790 disposed:false
516 http cache https://registry.npmjs.org/safer-buffer 19ms (cache hit)
517 silly packumentCache full:https://registry.npmjs.org/safer-buffer set size:18521 disposed:false
518 silly packumentCache full:https://registry.npmjs.org/safer-buffer dispose
519 silly placeDep ROOT psl@1.15.0 OK for: tough-cookie@2.5.0 want: ^1.1.28
520 silly placeDep ROOT punycode@2.3.1 OK for: tough-cookie@2.5.0 want: ^2.1.1
521 silly fetch manifest punycode@^2.3.1
522 silly packumentCache full:https://registry.npmjs.org/punycode cache-hit
523 silly placeDep node_modules/verror core-util-is@1.0.2 OK for: verror@1.10.0 want: 1.0.2
524 silly placeDep ROOT isexe@2.0.0 OK for: which@1.3.1 want: ^2.0.0
525 silly placeDep ROOT async.parallellimit@0.5.2 OK for: yt-search@2.13.1 want: ~0.5.2
526 silly placeDep ROOT boolstring@2.0.1 OK for: yt-search@2.13.1 want: ~2.0.1
527 silly placeDep ROOT cheerio@1.2.0 OK for: yt-search@2.13.1 want: ^1.0.0-rc.10
528 silly placeDep ROOT dasu@0.4.3 OK for: yt-search@2.13.1 want: ~0.4.3
529 silly placeDep ROOT human-time@0.0.2 OK for: yt-search@2.13.1 want: 0.0.2
530 silly placeDep ROOT jsonpath-plus@10.3.0 OK for: yt-search@2.13.1 want: ~10.3.0
531 silly placeDep ROOT minimist@1.2.8 OK for: yt-search@2.13.1 want: ~1.2.5
532 silly placeDep ROOT node-fzf@0.14.0 OK for: yt-search@2.13.1 want: ~0.14.0
533 silly fetch manifest async.util.eachoflimit@0.5.2
534 silly packumentCache full:https://registry.npmjs.org/async.util.eachoflimit cache-miss
535 silly fetch manifest async.util.parallel@0.5.2
536 silly packumentCache full:https://registry.npmjs.org/async.util.parallel cache-miss
537 silly fetch manifest parse5@^7.3.0
538 silly packumentCache full:https://registry.npmjs.org/parse5 cache-miss
539 silly fetch manifest undici@^7.19.0
540 silly packumentCache full:https://registry.npmjs.org/undici cache-miss
541 silly fetch manifest domutils@^3.2.2
542 silly packumentCache full:https://registry.npmjs.org/domutils cache-miss
543 silly fetch manifest domhandler@^5.0.3
544 silly packumentCache full:https://registry.npmjs.org/domhandler cache-miss
545 silly fetch manifest htmlparser2@^10.1.0
546 silly packumentCache full:https://registry.npmjs.org/htmlparser2 cache-miss
547 http fetch GET 200 https://registry.npmjs.org/domhandler 130ms (cache miss)
548 silly packumentCache full:https://registry.npmjs.org/domhandler set size:undefined disposed:false
549 silly fetch manifest cheerio-select@^2.1.0
550 silly packumentCache full:https://registry.npmjs.org/cheerio-select cache-miss
551 http fetch GET 200 https://registry.npmjs.org/domutils 144ms (cache miss)
552 silly packumentCache full:https://registry.npmjs.org/domutils set size:undefined disposed:false
553 silly fetch manifest dom-serializer@^2.0.0
554 silly packumentCache full:https://registry.npmjs.org/dom-serializer cache-miss
555 http fetch GET 200 https://registry.npmjs.org/parse5 156ms (cache miss)
556 silly packumentCache full:https://registry.npmjs.org/parse5 set size:undefined disposed:false
557 silly fetch manifest whatwg-mimetype@^4.0.0
558 silly packumentCache full:https://registry.npmjs.org/whatwg-mimetype cache-miss
559 http fetch GET 200 https://registry.npmjs.org/htmlparser2 168ms (cache miss)
560 silly packumentCache full:https://registry.npmjs.org/htmlparser2 set size:undefined disposed:false
561 silly fetch manifest encoding-sniffer@^0.2.1
562 silly packumentCache full:https://registry.npmjs.org/encoding-sniffer cache-miss
563 http fetch GET 200 https://registry.npmjs.org/cheerio-select 68ms (cache miss)
564 silly packumentCache full:https://registry.npmjs.org/cheerio-select set size:undefined disposed:false
565 silly fetch manifest parse5-parser-stream@^7.1.2
566 silly packumentCache full:https://registry.npmjs.org/parse5-parser-stream cache-miss
567 http fetch GET 200 https://registry.npmjs.org/dom-serializer 82ms (cache miss)
568 silly packumentCache full:https://registry.npmjs.org/dom-serializer set size:undefined disposed:false
569 silly fetch manifest parse5-htmlparser2-tree-adapter@^7.1.0
570 silly packumentCache full:https://registry.npmjs.org/parse5-htmlparser2-tree-adapter cache-miss
571 http fetch GET 200 https://registry.npmjs.org/whatwg-mimetype 90ms (cache miss)
572 silly packumentCache full:https://registry.npmjs.org/whatwg-mimetype set size:undefined disposed:false
573 silly fetch manifest jsep@^1.4.0
574 silly packumentCache full:https://registry.npmjs.org/jsep cache-miss
575 http fetch GET 200 https://registry.npmjs.org/encoding-sniffer 88ms (cache miss)
576 silly packumentCache full:https://registry.npmjs.org/encoding-sniffer set size:undefined disposed:false
577 silly fetch manifest @jsep-plugin/regex@^1.0.4
578 silly packumentCache full:https://registry.npmjs.org/@jsep-plugin%2fregex cache-miss
579 http fetch GET 200 https://registry.npmjs.org/parse5-parser-stream 68ms (cache miss)
580 silly packumentCache full:https://registry.npmjs.org/parse5-parser-stream set size:undefined disposed:false
581 silly fetch manifest @jsep-plugin/assignment@^1.3.0
582 silly packumentCache full:https://registry.npmjs.org/@jsep-plugin%2fassignment cache-miss
583 http fetch GET 200 https://registry.npmjs.org/undici 294ms (cache miss)
584 silly packumentCache full:https://registry.npmjs.org/undici set size:undefined disposed:false
585 silly fetch manifest keypress@~0.2.1
586 silly packumentCache full:https://registry.npmjs.org/keypress cache-miss
587 http fetch GET 200 https://registry.npmjs.org/parse5-htmlparser2-tree-adapter 118ms (cache miss)
588 silly packumentCache full:https://registry.npmjs.org/parse5-htmlparser2-tree-adapter set size:undefined disposed:false
589 silly fetch manifest picocolors@~1.1.1
590 silly packumentCache full:https://registry.npmjs.org/picocolors cache-miss
591 http fetch GET 200 https://registry.npmjs.org/async.util.parallel 370ms (cache miss)
592 silly packumentCache full:https://registry.npmjs.org/async.util.parallel set size:undefined disposed:false
593 silly fetch manifest redstar@0.0.2
594 silly packumentCache full:https://registry.npmjs.org/redstar cache-miss
595 http fetch GET 200 https://registry.npmjs.org/async.util.eachoflimit 391ms (cache miss)
596 silly packumentCache full:https://registry.npmjs.org/async.util.eachoflimit set size:undefined disposed:false
597 silly fetch manifest restore-cursor@~3.1.0
598 silly packumentCache full:https://registry.npmjs.org/restore-cursor cache-miss
599 http fetch GET 200 https://registry.npmjs.org/picocolors 69ms (cache miss)
600 silly packumentCache full:https://registry.npmjs.org/picocolors set size:undefined disposed:false
601 silly fetch manifest string-width@~2.1.1
602 silly packumentCache full:https://registry.npmjs.org/string-width cache-miss
603 http fetch GET 200 https://registry.npmjs.org/restore-cursor 75ms (cache miss)
604 silly packumentCache full:https://registry.npmjs.org/restore-cursor set size:undefined disposed:false
605 silly fetch manifest ttys@0.0.3
606 silly packumentCache full:https://registry.npmjs.org/ttys cache-miss
607 http fetch GET 200 https://registry.npmjs.org/string-width 115ms (cache miss)
608 silly packumentCache full:https://registry.npmjs.org/string-width set size:undefined disposed:false
609 http fetch GET 200 https://registry.npmjs.org/jsep 349ms (cache miss)
610 silly packumentCache full:https://registry.npmjs.org/jsep set size:undefined disposed:false
611 http fetch GET 200 https://registry.npmjs.org/keypress 340ms (cache miss)
612 silly packumentCache full:https://registry.npmjs.org/keypress set size:undefined disposed:false
613 http fetch GET 200 https://registry.npmjs.org/redstar 317ms (cache miss)
614 silly packumentCache full:https://registry.npmjs.org/redstar set size:undefined disposed:false
615 http fetch GET 200 https://registry.npmjs.org/ttys 314ms (cache miss)
616 silly packumentCache full:https://registry.npmjs.org/ttys set size:undefined disposed:false
617 http fetch GET 200 https://registry.npmjs.org/@jsep-plugin%2fregex 765ms (cache miss)
618 silly packumentCache full:https://registry.npmjs.org/@jsep-plugin%2fregex set size:undefined disposed:false
619 http fetch GET 200 https://registry.npmjs.org/@jsep-plugin%2fassignment 767ms (cache miss)
620 silly packumentCache full:https://registry.npmjs.org/@jsep-plugin%2fassignment set size:undefined disposed:false
621 silly placeDep ROOT async.util.eachoflimit@0.5.2 OK for: async.parallellimit@0.5.2 want: 0.5.2
622 silly placeDep ROOT async.util.parallel@0.5.2 OK for: async.parallellimit@0.5.2 want: 0.5.2
623 silly fetch manifest async.util.keyiterator@0.5.2
624 silly packumentCache full:https://registry.npmjs.org/async.util.keyiterator cache-miss
625 silly fetch manifest async.util.noop@0.5.2
626 silly packumentCache full:https://registry.npmjs.org/async.util.noop cache-miss
627 silly fetch manifest async.util.once@0.5.2
628 silly packumentCache full:https://registry.npmjs.org/async.util.once cache-miss
629 silly fetch manifest async.util.onlyonce@0.5.2
630 silly packumentCache full:https://registry.npmjs.org/async.util.onlyonce cache-miss
631 silly fetch manifest async.util.isarraylike@0.5.2
632 silly packumentCache full:https://registry.npmjs.org/async.util.isarraylike cache-miss
633 silly fetch manifest async.util.noop@0.5.2
634 silly packumentCache full:https://registry.npmjs.org/async.util.noop cache-miss
635 silly fetch manifest async.util.restparam@0.5.2
636 silly packumentCache full:https://registry.npmjs.org/async.util.restparam cache-miss
637 http fetch GET 200 https://registry.npmjs.org/async.util.once 489ms (cache miss)
638 silly packumentCache full:https://registry.npmjs.org/async.util.once set size:undefined disposed:false
639 http fetch GET 200 https://registry.npmjs.org/async.util.noop 490ms (cache miss)
640 silly packumentCache full:https://registry.npmjs.org/async.util.noop set size:undefined disposed:false
641 http fetch GET 200 https://registry.npmjs.org/async.util.keyiterator 499ms (cache miss)
642 silly packumentCache full:https://registry.npmjs.org/async.util.keyiterator set size:undefined disposed:false
643 http fetch GET 200 https://registry.npmjs.org/async.util.onlyonce 498ms (cache miss)
644 silly packumentCache full:https://registry.npmjs.org/async.util.onlyonce set size:undefined disposed:false
645 http fetch GET 200 https://registry.npmjs.org/async.util.noop 502ms (cache miss)
646 silly packumentCache full:https://registry.npmjs.org/async.util.noop set size:undefined disposed:false
647 http fetch GET 200 https://registry.npmjs.org/async.util.restparam 499ms (cache miss)
648 silly packumentCache full:https://registry.npmjs.org/async.util.restparam set size:undefined disposed:false
649 http fetch GET 200 https://registry.npmjs.org/async.util.isarraylike 503ms (cache miss)
650 silly packumentCache full:https://registry.npmjs.org/async.util.isarraylike set size:undefined disposed:false
651 silly placeDep ROOT async.util.keyiterator@0.5.2 OK for: async.util.eachoflimit@0.5.2 want: 0.5.2
652 silly placeDep ROOT async.util.noop@0.5.2 OK for: async.util.eachoflimit@0.5.2 want: 0.5.2
653 silly placeDep ROOT async.util.once@0.5.2 OK for: async.util.eachoflimit@0.5.2 want: 0.5.2
654 silly placeDep ROOT async.util.onlyonce@0.5.2 OK for: async.util.eachoflimit@0.5.2 want: 0.5.2
655 silly fetch manifest async.util.keys@0.5.2
656 silly packumentCache full:https://registry.npmjs.org/async.util.keys cache-miss
657 http fetch GET 200 https://registry.npmjs.org/async.util.keys 413ms (cache miss)
658 silly packumentCache full:https://registry.npmjs.org/async.util.keys set size:undefined disposed:false
659 silly placeDep ROOT async.util.isarraylike@0.5.2 OK for: async.util.keyiterator@0.5.2 want: 0.5.2
660 silly placeDep ROOT async.util.keys@0.5.2 OK for: async.util.keyiterator@0.5.2 want: 0.5.2
661 silly fetch manifest async.util.isarray@0.5.2
662 silly packumentCache full:https://registry.npmjs.org/async.util.isarray cache-miss
663 http fetch GET 200 https://registry.npmjs.org/async.util.isarray 405ms (cache miss)
664 silly packumentCache full:https://registry.npmjs.org/async.util.isarray set size:undefined disposed:false
665 silly placeDep ROOT async.util.isarray@0.5.2 OK for: async.util.isarraylike@0.5.2 want: 0.5.2
666 silly placeDep ROOT async.util.restparam@0.5.2 OK for: async.util.parallel@0.5.2 want: 0.5.2
667 silly placeDep ROOT cheerio-select@2.1.0 OK for: cheerio@1.2.0 want: ^2.1.0
668 silly placeDep ROOT dom-serializer@2.0.0 OK for: cheerio@1.2.0 want: ^2.0.0
669 silly placeDep ROOT domhandler@5.0.3 OK for: cheerio@1.2.0 want: ^5.0.3
670 silly placeDep ROOT domutils@3.2.2 OK for: cheerio@1.2.0 want: ^3.2.2
671 silly placeDep ROOT encoding-sniffer@0.2.1 OK for: cheerio@1.2.0 want: ^0.2.1
672 silly placeDep ROOT htmlparser2@10.1.0 OK for: cheerio@1.2.0 want: ^10.1.0
673 silly placeDep ROOT parse5@7.3.0 OK for: cheerio@1.2.0 want: ^7.3.0
674 silly placeDep ROOT parse5-htmlparser2-tree-adapter@7.1.0 OK for: cheerio@1.2.0 want: ^7.1.0
675 silly placeDep ROOT parse5-parser-stream@7.1.2 OK for: cheerio@1.2.0 want: ^7.1.2
676 silly placeDep ROOT undici@7.29.0 OK for: cheerio@1.2.0 want: ^7.19.0
677 silly placeDep ROOT whatwg-mimetype@4.0.0 OK for: cheerio@1.2.0 want: ^4.0.0
678 silly fetch manifest boolbase@^1.0.0
679 silly packumentCache full:https://registry.npmjs.org/boolbase cache-miss
680 silly fetch manifest css-what@^6.1.0
681 silly packumentCache full:https://registry.npmjs.org/css-what cache-miss
682 silly fetch manifest domutils@^3.0.1
683 silly packumentCache full:https://registry.npmjs.org/domutils cache-miss
684 silly fetch manifest css-select@^5.1.0
685 silly packumentCache full:https://registry.npmjs.org/css-select cache-miss
686 silly fetch manifest domelementtype@^2.3.0
687 silly packumentCache full:https://registry.npmjs.org/domelementtype cache-miss
688 silly fetch manifest entities@^4.2.0
689 silly packumentCache full:https://registry.npmjs.org/entities cache-miss
690 silly fetch manifest domhandler@^5.0.2
691 silly packumentCache full:https://registry.npmjs.org/domhandler cache-miss
692 http cache https://registry.npmjs.org/domhandler 22ms (cache hit)
693 silly packumentCache full:https://registry.npmjs.org/domhandler set size:78187 disposed:false
694 silly fetch manifest domelementtype@^2.3.0
695 silly packumentCache full:https://registry.npmjs.org/domelementtype cache-miss
696 http cache https://registry.npmjs.org/domutils 44ms (cache hit)
697 silly packumentCache full:https://registry.npmjs.org/domutils set size:110068 disposed:false
698 silly fetch manifest domelementtype@^2.3.0
699 silly packumentCache full:https://registry.npmjs.org/domelementtype cache-miss
700 http fetch GET 200 https://registry.npmjs.org/boolbase 75ms (cache miss)
701 silly packumentCache full:https://registry.npmjs.org/boolbase set size:undefined disposed:false
702 silly fetch manifest domelementtype@^2.3.0
703 silly packumentCache full:https://registry.npmjs.org/domelementtype cache-miss
704 http fetch GET 200 https://registry.npmjs.org/domelementtype 115ms (cache miss)
705 silly packumentCache full:https://registry.npmjs.org/domelementtype set size:undefined disposed:false
706 silly fetch manifest iconv-lite@^0.6.3
707 silly packumentCache full:https://registry.npmjs.org/iconv-lite cache-miss
708 http fetch GET 200 https://registry.npmjs.org/css-what 128ms (cache miss)
709 silly packumentCache full:https://registry.npmjs.org/css-what set size:undefined disposed:false
710 silly fetch manifest whatwg-encoding@^3.1.1
711 silly packumentCache full:https://registry.npmjs.org/whatwg-encoding cache-miss
712 http fetch GET 200 https://registry.npmjs.org/domelementtype 97ms (cache miss)
713 silly packumentCache full:https://registry.npmjs.org/domelementtype set size:undefined disposed:false
714 silly fetch manifest entities@^7.0.1
715 silly packumentCache full:https://registry.npmjs.org/entities cache-miss
716 http fetch GET 200 https://registry.npmjs.org/css-select 146ms (cache miss)
717 silly packumentCache full:https://registry.npmjs.org/css-select set size:undefined disposed:false
718 silly fetch manifest entities@^6.0.0
719 silly packumentCache full:https://registry.npmjs.org/entities cache-miss
720 http fetch GET 200 https://registry.npmjs.org/entities 160ms (cache miss)
721 silly packumentCache full:https://registry.npmjs.org/entities set size:undefined disposed:false
722 http fetch GET 200 https://registry.npmjs.org/domelementtype 124ms (cache miss)
723 silly packumentCache full:https://registry.npmjs.org/domelementtype set size:undefined disposed:false
724 http fetch GET 200 https://registry.npmjs.org/domelementtype 108ms (cache miss)
725 silly packumentCache full:https://registry.npmjs.org/domelementtype set size:undefined disposed:false
726 http fetch GET 200 https://registry.npmjs.org/whatwg-encoding 77ms (cache miss)
727 silly packumentCache full:https://registry.npmjs.org/whatwg-encoding set size:undefined disposed:false
728 http fetch GET 200 https://registry.npmjs.org/iconv-lite 102ms (cache miss)
729 silly packumentCache full:https://registry.npmjs.org/iconv-lite set size:undefined disposed:false
730 http fetch GET 200 https://registry.npmjs.org/entities 83ms (cache miss)
731 silly packumentCache full:https://registry.npmjs.org/entities set size:undefined disposed:false
732 http fetch GET 200 https://registry.npmjs.org/entities 121ms (cache miss)
733 silly packumentCache full:https://registry.npmjs.org/entities set size:undefined disposed:false
734 silly placeDep ROOT boolbase@1.0.0 OK for: cheerio-select@2.1.0 want: ^1.0.0
735 silly placeDep ROOT css-select@5.2.2 OK for: cheerio-select@2.1.0 want: ^5.1.0
736 silly placeDep ROOT css-what@6.2.2 OK for: cheerio-select@2.1.0 want: ^6.1.0
737 silly placeDep ROOT domelementtype@2.3.0 OK for: cheerio-select@2.1.0 want: ^2.3.0
738 silly fetch manifest nth-check@^2.0.1
739 silly packumentCache full:https://registry.npmjs.org/nth-check cache-miss
740 http fetch GET 200 https://registry.npmjs.org/nth-check 82ms (cache miss)
741 silly packumentCache full:https://registry.npmjs.org/nth-check set size:undefined disposed:false
742 silly placeDep ROOT nth-check@2.1.1 OK for: css-select@5.2.2 want: ^2.0.1
743 silly placeDep ROOT entities@4.5.0 OK for: dom-serializer@2.0.0 want: ^4.2.0
744 silly placeDep ROOT iconv-lite@0.6.3 OK for: encoding-sniffer@0.2.1 want: ^0.6.3
745 silly placeDep ROOT whatwg-encoding@3.1.1 OK for: encoding-sniffer@0.2.1 want: ^3.1.1
746 silly placeDep node_modules/htmlparser2 entities@7.0.1 OK for: htmlparser2@10.1.0 want: ^7.0.1
747 silly placeDep ROOT @jsep-plugin/assignment@1.3.0 OK for: jsonpath-plus@10.3.0 want: ^1.3.0
748 silly placeDep ROOT jsep@1.4.0 OK for: @jsep-plugin/assignment@1.3.0 want: ^0.4.0||^1.0.0
749 silly placeDep ROOT @jsep-plugin/regex@1.0.4 OK for: jsonpath-plus@10.3.0 want: ^1.0.4
750 silly placeDep ROOT keypress@0.2.1 OK for: node-fzf@0.14.0 want: ~0.2.1
751 silly placeDep ROOT picocolors@1.1.1 OK for: node-fzf@0.14.0 want: ~1.1.1
752 silly placeDep ROOT redstar@0.0.2 OK for: node-fzf@0.14.0 want: 0.0.2
753 silly placeDep ROOT restore-cursor@3.1.0 OK for: node-fzf@0.14.0 want: ~3.1.0
754 silly placeDep ROOT string-width@2.1.1 OK for: node-fzf@0.14.0 want: ~2.1.1
755 silly placeDep ROOT ttys@0.0.3 OK for: node-fzf@0.14.0 want: 0.0.3
756 silly fetch manifest minimatch@~3.0.4
757 silly packumentCache full:https://registry.npmjs.org/minimatch cache-miss
758 silly fetch manifest onetime@^5.1.0
759 silly packumentCache full:https://registry.npmjs.org/onetime cache-miss
760 silly fetch manifest signal-exit@^3.0.2
761 silly packumentCache full:https://registry.npmjs.org/signal-exit cache-miss
762 silly fetch manifest strip-ansi@^4.0.0
763 silly packumentCache full:https://registry.npmjs.org/strip-ansi cache-miss
764 silly fetch manifest is-fullwidth-code-point@^2.0.0
765 silly packumentCache full:https://registry.npmjs.org/is-fullwidth-code-point cache-miss
766 http fetch GET 200 https://registry.npmjs.org/is-fullwidth-code-point 104ms (cache miss)
767 silly packumentCache full:https://registry.npmjs.org/is-fullwidth-code-point set size:undefined disposed:false
768 http fetch GET 200 https://registry.npmjs.org/onetime 112ms (cache miss)
769 silly packumentCache full:https://registry.npmjs.org/onetime set size:undefined disposed:false
770 http fetch GET 200 https://registry.npmjs.org/strip-ansi 115ms (cache miss)
771 silly packumentCache full:https://registry.npmjs.org/strip-ansi set size:undefined disposed:false
772 http fetch GET 200 https://registry.npmjs.org/signal-exit 124ms (cache miss)
773 silly packumentCache full:https://registry.npmjs.org/signal-exit set size:undefined disposed:false
774 http fetch GET 200 https://registry.npmjs.org/minimatch 146ms (cache miss)
775 silly packumentCache full:https://registry.npmjs.org/minimatch set size:undefined disposed:false
776 silly placeDep node_modules/parse5 entities@6.0.1 OK for: parse5@7.3.0 want: ^6.0.0
777 silly placeDep ROOT minimatch@3.0.8 OK for: redstar@0.0.2 want: ~3.0.4
778 silly fetch manifest brace-expansion@^1.1.7
779 silly packumentCache full:https://registry.npmjs.org/brace-expansion cache-miss
780 http fetch GET 200 https://registry.npmjs.org/brace-expansion 89ms (cache miss)
781 silly packumentCache full:https://registry.npmjs.org/brace-expansion set size:undefined disposed:false
782 silly placeDep ROOT brace-expansion@1.1.18 OK for: minimatch@3.0.8 want: ^1.1.7
783 silly fetch manifest concat-map@0.0.1
784 silly packumentCache full:https://registry.npmjs.org/concat-map cache-miss
785 silly fetch manifest balanced-match@^1.0.0
786 silly packumentCache full:https://registry.npmjs.org/balanced-match cache-miss
787 http fetch GET 200 https://registry.npmjs.org/balanced-match 77ms (cache miss)
788 silly packumentCache full:https://registry.npmjs.org/balanced-match set size:undefined disposed:false
789 http fetch GET 200 https://registry.npmjs.org/concat-map 88ms (cache miss)
790 silly packumentCache full:https://registry.npmjs.org/concat-map set size:undefined disposed:false
791 silly placeDep ROOT balanced-match@1.0.2 OK for: brace-expansion@1.1.18 want: ^1.0.0
792 silly placeDep ROOT concat-map@0.0.1 OK for: brace-expansion@1.1.18 want: 0.0.1
793 silly placeDep ROOT onetime@5.1.2 OK for: restore-cursor@3.1.0 want: ^5.1.0
794 silly placeDep ROOT signal-exit@3.0.7 OK for: restore-cursor@3.1.0 want: ^3.0.2
795 silly fetch manifest mimic-fn@^2.1.0
796 silly packumentCache full:https://registry.npmjs.org/mimic-fn cache-miss
797 http fetch GET 200 https://registry.npmjs.org/mimic-fn 69ms (cache miss)
798 silly packumentCache full:https://registry.npmjs.org/mimic-fn set size:undefined disposed:false
799 silly placeDep ROOT mimic-fn@2.1.0 OK for: onetime@5.1.2 want: ^2.1.0
800 silly placeDep ROOT is-fullwidth-code-point@2.0.0 OK for: string-width@2.1.1 want: ^2.0.0
801 silly placeDep ROOT strip-ansi@4.0.0 OK for: string-width@2.1.1 want: ^4.0.0
802 silly fetch manifest ansi-regex@^3.0.0
803 silly packumentCache full:https://registry.npmjs.org/ansi-regex cache-miss
804 http fetch GET 200 https://registry.npmjs.org/ansi-regex 84ms (cache miss)
805 silly packumentCache full:https://registry.npmjs.org/ansi-regex set size:undefined disposed:false
806 silly placeDep ROOT ansi-regex@3.0.1 OK for: strip-ansi@4.0.0 want: ^3.0.0
807 silly placeDep ROOT lodash@4.18.1 OK for: async@2.6.4 want: ^4.17.14
808 silly reify moves {}
809 silly audit bulk request {
809 silly audit   '@borewit/text-codec': [ '0.2.2' ],
809 silly audit   '@cacheable/memory': [ '2.2.0' ],
809 silly audit   '@cacheable/node-cache': [ '1.7.6' ],
809 silly audit   '@cacheable/utils': [ '2.5.0' ],
809 silly audit   '@emnapi/runtime': [ '1.11.3' ],
809 silly audit   '@hapi/boom': [ '9.1.4' ],
809 silly audit   '@hapi/hoek': [ '9.3.0' ],
809 silly audit   '@img/colour': [ '1.1.0' ],
809 silly audit   '@img/sharp-darwin-arm64': [ '0.35.3' ],
809 silly audit   '@img/sharp-darwin-x64': [ '0.35.3' ],
809 silly audit   '@img/sharp-freebsd-wasm32': [ '0.35.3' ],
809 silly audit   '@img/sharp-libvips-darwin-arm64': [ '1.3.2' ],
809 silly audit   '@img/sharp-libvips-darwin-x64': [ '1.3.2' ],
809 silly audit   '@img/sharp-libvips-linux-arm': [ '1.3.2' ],
809 silly audit   '@img/sharp-libvips-linux-arm64': [ '1.3.2' ],
809 silly audit   '@img/sharp-libvips-linux-ppc64': [ '1.3.2' ],
809 silly audit   '@img/sharp-libvips-linux-riscv64': [ '1.3.2' ],
809 silly audit   '@img/sharp-libvips-linux-s390x': [ '1.3.2' ],
809 silly audit   '@img/sharp-libvips-linux-x64': [ '1.3.2' ],
809 silly audit   '@img/sharp-libvips-linuxmusl-arm64': [ '1.3.2' ],
809 silly audit   '@img/sharp-libvips-linuxmusl-x64': [ '1.3.2' ],
809 silly audit   '@img/sharp-linux-arm': [ '0.35.3' ],
809 silly audit   '@img/sharp-linux-arm64': [ '0.35.3' ],
809 silly audit   '@img/sharp-linux-ppc64': [ '0.35.3' ],
809 silly audit   '@img/sharp-linux-riscv64': [ '0.35.3' ],
809 silly audit   '@img/sharp-linux-s390x': [ '0.35.3' ],
809 silly audit   '@img/sharp-linux-x64': [ '0.35.3' ],
809 silly audit   '@img/sharp-linuxmusl-arm64': [ '0.35.3' ],
809 silly audit   '@img/sharp-linuxmusl-x64': [ '0.35.3' ],
809 silly audit   '@img/sharp-wasm32': [ '0.35.3' ],
809 silly audit   '@img/sharp-webcontainers-wasm32': [ '0.35.3' ],
809 silly audit   '@img/sharp-win32-arm64': [ '0.35.3' ],
809 silly audit   '@img/sharp-win32-ia32': [ '0.35.3' ],
809 silly audit   '@img/sharp-win32-x64': [ '0.35.3' ],
809 silly audit   '@keyv/bigmap': [ '1.3.1' ],
809 silly audit   '@keyv/serialize': [ '1.1.1' ],
809 silly audit   '@pinojs/redact': [ '0.4.0' ],
809 silly audit   '@protobufjs/aspromise': [ '1.1.2' ],
809 silly audit   '@protobufjs/base64': [ '1.1.2' ],
809 silly audit   '@protobufjs/codegen': [ '2.0.5' ],
809 silly audit   '@protobufjs/eventemitter': [ '1.1.1' ],
809 silly audit   '@protobufjs/fetch': [ '1.1.1' ],
809 silly audit   '@protobufjs/float': [ '1.0.2' ],
809 silly audit   '@protobufjs/path': [ '1.1.2' ],
809 silly audit   '@protobufjs/pool': [ '1.1.0' ],
809 silly audit   '@protobufjs/utf8': [ '1.1.2' ],
809 silly audit   '@tokenizer/inflate': [ '0.4.1' ],
809 silly audit   '@tokenizer/token': [ '0.3.0' ],
809 silly audit   '@types/node': [ '26.1.2' ],
809 silly audit   'async-mutex': [ '0.5.0' ],
809 silly audit   'atomic-sleep': [ '1.0.0' ],
809 silly audit   cacheable: [ '2.5.0' ],
809 silly audit   'content-type': [ '2.0.0' ],
809 silly audit   'curve25519-js': [ '0.0.4' ],
809 silly audit   debug: [ '4.4.3' ],
809 silly audit   'detect-libc': [ '2.1.2' ],
809 silly audit   eventemitter3: [ '5.0.4' ],
809 silly audit   'file-type': [ '21.3.4' ],
809 silly audit   hashery: [ '1.5.1' ],
809 silly audit   hookified: [ '1.15.1', '2.2.0' ],
809 silly audit   ieee754: [ '1.2.1' ],
809 silly audit   keyv: [ '5.6.0' ],
809 silly audit   libsignal: [ '6.0.0' ],
809 silly audit   long: [ '5.3.2' ],
809 silly audit   'lru-cache': [ '11.5.2' ],
809 silly audit   'media-typer': [ '2.0.0' ],
809 silly audit   ms: [ '2.1.3' ],
809 silly audit   'music-metadata': [ '11.14.0' ],
809 silly audit   'on-exit-leak-free': [ '2.1.2' ],
809 silly audit   'p-queue': [ '9.3.3' ],
809 silly audit   'p-timeout': [ '7.0.1' ],
809 silly audit   pino: [ '9.14.0' ],
809 silly audit   'pino-abstract-transport': [ '2.0.0' ],
809 silly audit   'pino-std-serializers': [ '7.1.0' ],
809 silly audit   'process-warning': [ '5.1.0' ],
809 silly audit   protobufjs: [ '7.6.5' ],
809 silly audit   qified: [ '0.10.1' ],
809 silly audit   'quick-format-unescaped': [ '4.0.4' ],
809 silly audit   'real-require': [ '0.2.0' ],
809 silly audit   'safe-stable-stringify': [ '2.5.0' ],
809 silly audit   semver: [ '7.8.5' ],
809 silly audit   sharp: [ '0.35.3' ],
809 silly audit   'sonic-boom': [ '4.2.1' ],
809 silly audit   split2: [ '4.2.0' ],
809 silly audit   strtok3: [ '10.3.5' ],
809 silly audit   'thread-stream': [ '3.2.0' ],
809 silly audit   'token-types': [ '6.1.2' ],
809 silly audit   tslib: [ '2.8.1' ],
809 silly audit   'uint8array-extras': [ '1.5.0' ],
809 silly audit   'undici-types': [ '8.3.0' ],
809 silly audit   'whatsapp-rust-bridge': [ '0.5.4' ],
809 silly audit   'win-guid': [ '0.2.1' ],
809 silly audit   ws: [ '8.21.2' ],
809 silly audit   '@whiskeysockets/baileys': [ '7.0.0-rc14' ],
809 silly audit   axios: [ '1.19.0' ],
809 silly audit   'fluent-ffmpeg': [ '2.1.3' ],
809 silly audit   'node-gtts': [ '2.0.2' ],
809 silly audit   'qrcode-terminal': [ '0.12.0' ],
809 silly audit   'yt-search': [ '2.13.1' ],
809 silly audit   'follow-redirects': [ '1.16.0' ],
809 silly audit   'form-data': [ '4.0.6', '2.3.3' ],
809 silly audit   'https-proxy-agent': [ '5.0.1' ],
809 silly audit   'proxy-from-env': [ '2.1.0' ],
809 silly audit   async: [ '0.2.10', '2.6.4' ],
809 silly audit   which: [ '1.3.1' ],
809 silly audit   asynckit: [ '0.4.0' ],
809 silly audit   'combined-stream': [ '1.0.8' ],
809 silly audit   'es-set-tostringtag': [ '2.1.0' ],
809 silly audit   hasown: [ '2.0.4' ],
809 silly audit   'mime-types': [ '2.1.35' ],
809 silly audit   'delayed-stream': [ '1.0.0' ],
809 silly audit   'es-errors': [ '1.3.0' ],
809 silly audit   'get-intrinsic': [ '1.3.0' ],
809 silly audit   'has-tostringtag': [ '1.0.2' ],
809 silly audit   'call-bind-apply-helpers': [ '1.0.2' ],
809 silly audit   'es-define-property': [ '1.0.1' ],
809 silly audit   'es-object-atoms': [ '1.1.2' ],
809 silly audit   'function-bind': [ '1.1.2' ],
809 silly audit   'get-proto': [ '1.0.1' ],
809 silly audit   gopd: [ '1.2.0' ],
809 silly audit   'has-symbols': [ '1.1.0' ],
809 silly audit   'math-intrinsics': [ '1.1.0' ],
809 silly audit   'dunder-proto': [ '1.0.1' ],
809 silly audit   'agent-base': [ '6.0.2' ],
809 silly audit   'mime-db': [ '1.52.0' ],
809 silly audit   'escape-string-regexp': [ '1.0.5' ],
809 silly audit   'fake-useragent': [ '1.0.1' ],
809 silly audit   multistream: [ '2.1.1' ],
809 silly audit   request: [ '2.88.2' ],
809 silly audit   inherits: [ '2.0.4' ],
809 silly audit   'readable-stream': [ '2.3.8' ],
809 silly audit   'core-util-is': [ '1.0.3', '1.0.2' ],
809 silly audit   isarray: [ '1.0.0' ],
809 silly audit   'process-nextick-args': [ '2.0.1' ],
809 silly audit   'safe-buffer': [ '5.1.2' ],
809 silly audit   string_decoder: [ '1.1.1' ],
809 silly audit   'util-deprecate': [ '1.0.2' ],
809 silly audit   'aws-sign2': [ '0.7.0' ],
809 silly audit   aws4: [ '1.13.2' ],
809 silly audit   caseless: [ '0.12.0' ],
809 silly audit   extend: [ '3.0.2' ],
809 silly audit   'forever-agent': [ '0.6.1' ],
809 silly audit   'har-validator': [ '5.1.5' ],
809 silly audit   'http-signature': [ '1.2.0' ],
809 silly audit   'is-typedarray': [ '1.0.0' ],
809 silly audit   isstream: [ '0.1.2' ],
809 silly audit   'json-stringify-safe': [ '5.0.1' ],
809 silly audit   'oauth-sign': [ '0.9.0' ],
809 silly audit   'performance-now': [ '2.1.0' ],
809 silly audit   qs: [ '6.5.5' ],
809 silly audit   'tough-cookie': [ '2.5.0' ],
809 silly audit   'tunnel-agent': [ '0.6.0' ],
809 silly audit   uuid: [ '3.4.0' ],
809 silly audit   ajv: [ '6.15.0' ],
809 silly audit   'har-schema': [ '2.0.0' ],
809 silly audit   'fast-deep-equal': [ '3.1.3' ],
809 silly audit   'fast-json-stable-stringify': [ '2.1.0' ],
809 silly audit   'json-schema-traverse': [ '0.4.1' ],
809 silly audit   'uri-js': [ '4.4.1' ],
809 silly audit   'assert-plus': [ '1.0.0' ],
809 silly audit   jsprim: [ '1.4.2' ],
809 silly audit   sshpk: [ '1.18.0' ],
809 silly audit   extsprintf: [ '1.3.0' ],
809 silly audit   'json-schema': [ '0.4.0' ],
809 silly audit   verror: [ '1.10.0' ],
809 silly audit   asn1: [ '0.2.6' ],
809 silly audit   'bcrypt-pbkdf': [ '1.0.2' ],
809 silly audit   dashdash: [ '1.14.1' ],
809 silly audit   'ecc-jsbn': [ '0.1.2' ],
809 silly audit   getpass: [ '0.1.7' ],
809 silly audit   jsbn: [ '0.1.1' ],
809 silly audit   'safer-buffer': [ '2.1.2' ],
809 silly audit   tweetnacl: [ '0.14.5' ],
809 silly audit   psl: [ '1.15.0' ],
809 silly audit   punycode: [ '2.3.1' ],
809 silly audit   isexe: [ '2.0.0' ],
809 silly audit   'async.parallellimit': [ '0.5.2' ],
809 silly audit   boolstring: [ '2.0.1' ],
809 silly audit   cheerio: [ '1.2.0' ],
809 silly audit   dasu: [ '0.4.3' ],
809 silly audit   'human-time': [ '0.0.2' ],
809 silly audit   'jsonpath-plus': [ '10.3.0' ],
809 silly audit   minimist: [ '1.2.8' ],
809 silly audit   'node-fzf': [ '0.14.0' ],
809 silly audit   'async.util.eachoflimit': [ '0.5.2' ],
809 silly audit   'async.util.parallel': [ '0.5.2' ],
809 silly audit   'async.util.keyiterator': [ '0.5.2' ],
809 silly audit   'async.util.noop': [ '0.5.2' ],
809 silly audit   'async.util.once': [ '0.5.2' ],
809 silly audit   'async.util.onlyonce': [ '0.5.2' ],
809 silly audit   'async.util.isarraylike': [ '0.5.2' ],
809 silly audit   'async.util.keys': [ '0.5.2' ],
809 silly audit   'async.util.isarray': [ '0.5.2' ],
809 silly audit   'async.util.restparam': [ '0.5.2' ],
809 silly audit   'cheerio-select': [ '2.1.0' ],
809 silly audit   'dom-serializer': [ '2.0.0' ],
809 silly audit   domhandler: [ '5.0.3' ],
809 silly audit   domutils: [ '3.2.2' ],
809 silly audit   'encoding-sniffer': [ '0.2.1' ],
809 silly audit   htmlparser2: [ '10.1.0' ],
809 silly audit   parse5: [ '7.3.0' ],
809 silly audit   'parse5-htmlparser2-tree-adapter': [ '7.1.0' ],
809 silly audit   'parse5-parser-stream': [ '7.1.2' ],
809 silly audit   undici: [ '7.29.0' ],
809 silly audit   'whatwg-mimetype': [ '4.0.0' ],
809 silly audit   boolbase: [ '1.0.0' ],
809 silly audit   'css-select': [ '5.2.2' ],
809 silly audit   'css-what': [ '6.2.2' ],
809 silly audit   domelementtype: [ '2.3.0' ],
809 silly audit   'nth-check': [ '2.1.1' ],
809 silly audit   entities: [ '4.5.0', '7.0.1', '6.0.1' ],
809 silly audit   'iconv-lite': [ '0.6.3' ],
809 silly audit   'whatwg-encoding': [ '3.1.1' ],
809 silly audit   '@jsep-plugin/assignment': [ '1.3.0' ],
809 silly audit   jsep: [ '1.4.0' ],
809 silly audit   '@jsep-plugin/regex': [ '1.0.4' ],
809 silly audit   keypress: [ '0.2.1' ],
809 silly audit   picocolors: [ '1.1.1' ],
809 silly audit   redstar: [ '0.0.2' ],
809 silly audit   'restore-cursor': [ '3.1.0' ],
809 silly audit   'string-width': [ '2.1.1' ],
809 silly audit   ttys: [ '0.0.3' ],
809 silly audit   minimatch: [ '3.0.8' ],
809 silly audit   'brace-expansion': [ '1.1.18' ],
809 silly audit   'balanced-match': [ '1.0.2' ],
809 silly audit   'concat-map': [ '0.0.1' ],
809 silly audit   onetime: [ '5.1.2' ],
809 silly audit   'signal-exit': [ '3.0.7' ],
809 silly audit   'mimic-fn': [ '2.1.0' ],
809 silly audit   'is-fullwidth-code-point': [ '2.0.0' ],
809 silly audit   'strip-ansi': [ '4.0.0' ],
809 silly audit   'ansi-regex': [ '3.0.1' ],
809 silly audit   lodash: [ '4.18.1' ]
809 silly audit }
810 http cache lodash@https://registry.npmjs.org/lodash/-/lodash-4.18.1.tgz 0ms (cache hit)
811 http cache is-fullwidth-code-point@https://registry.npmjs.org/is-fullwidth-code-point/-/is-fullwidth-code-point-2.0.0.tgz 0ms (cache hit)
812 http cache signal-exit@https://registry.npmjs.org/signal-exit/-/signal-exit-3.0.7.tgz 0ms (cache hit)
813 http cache onetime@https://registry.npmjs.org/onetime/-/onetime-5.1.2.tgz 0ms (cache hit)
814 http cache concat-map@https://registry.npmjs.org/concat-map/-/concat-map-0.0.1.tgz 1ms (cache hit)
815 http cache strip-ansi@https://registry.npmjs.org/strip-ansi/-/strip-ansi-4.0.0.tgz 1ms (cache hit)
816 http cache mimic-fn@https://registry.npmjs.org/mimic-fn/-/mimic-fn-2.1.0.tgz 0ms (cache hit)
817 http cache balanced-match@https://registry.npmjs.org/balanced-match/-/balanced-match-1.0.2.tgz 0ms (cache hit)
818 http cache ttys@https://registry.npmjs.org/ttys/-/ttys-0.0.3.tgz 0ms (cache hit)
819 http cache string-width@https://registry.npmjs.org/string-width/-/string-width-2.1.1.tgz 0ms (cache hit)
820 http cache restore-cursor@https://registry.npmjs.org/restore-cursor/-/restore-cursor-3.1.0.tgz 0ms (cache hit)
821 http cache redstar@https://registry.npmjs.org/redstar/-/redstar-0.0.2.tgz 0ms (cache hit)
822 http cache minimatch@https://registry.npmjs.org/minimatch/-/minimatch-3.0.8.tgz 0ms (cache hit)
823 http cache brace-expansion@https://registry.npmjs.org/brace-expansion/-/brace-expansion-1.1.18.tgz 0ms (cache hit)
824 http cache picocolors@https://registry.npmjs.org/picocolors/-/picocolors-1.1.1.tgz 0ms (cache hit)
825 http cache @jsep-plugin/regex@https://registry.npmjs.org/@jsep-plugin/regex/-/regex-1.0.4.tgz 0ms (cache hit)
826 http cache @jsep-plugin/assignment@https://registry.npmjs.org/@jsep-plugin/assignment/-/assignment-1.3.0.tgz 0ms (cache hit)
827 http cache keypress@https://registry.npmjs.org/keypress/-/keypress-0.2.1.tgz 0ms (cache hit)
828 http cache whatwg-encoding@https://registry.npmjs.org/whatwg-encoding/-/whatwg-encoding-3.1.1.tgz 0ms (cache hit)
829 http cache entities@https://registry.npmjs.org/entities/-/entities-4.5.0.tgz 0ms (cache hit)
830 http cache jsep@https://registry.npmjs.org/jsep/-/jsep-1.4.0.tgz 0ms (cache hit)
831 http cache nth-check@https://registry.npmjs.org/nth-check/-/nth-check-2.1.1.tgz 0ms (cache hit)
832 http cache css-what@https://registry.npmjs.org/css-what/-/css-what-6.2.2.tgz 0ms (cache hit)
833 http cache iconv-lite@https://registry.npmjs.org/iconv-lite/-/iconv-lite-0.6.3.tgz 0ms (cache hit)
834 http cache css-select@https://registry.npmjs.org/css-select/-/css-select-5.2.2.tgz 0ms (cache hit)
835 http cache whatwg-mimetype@https://registry.npmjs.org/whatwg-mimetype/-/whatwg-mimetype-4.0.0.tgz 0ms (cache hit)
836 http cache domelementtype@https://registry.npmjs.org/domelementtype/-/domelementtype-2.3.0.tgz 0ms (cache hit)
837 http cache undici@https://registry.npmjs.org/undici/-/undici-7.29.0.tgz 0ms (cache hit)
838 http cache parse5-htmlparser2-tree-adapter@https://registry.npmjs.org/parse5-htmlparser2-tree-adapter/-/parse5-htmlparser2-tree-adapter-7.1.0.tgz 0ms (cache hit)
839 http cache parse5@https://registry.npmjs.org/parse5/-/parse5-7.3.0.tgz 0ms (cache hit)
840 http cache boolbase@https://registry.npmjs.org/boolbase/-/boolbase-1.0.0.tgz 0ms (cache hit)
841 http cache htmlparser2@https://registry.npmjs.org/htmlparser2/-/htmlparser2-10.1.0.tgz 0ms (cache hit)
842 http cache parse5-parser-stream@https://registry.npmjs.org/parse5-parser-stream/-/parse5-parser-stream-7.1.2.tgz 0ms (cache hit)
843 http cache ansi-regex@https://registry.npmjs.org/ansi-regex/-/ansi-regex-3.0.1.tgz 0ms (cache hit)
844 http cache domhandler@https://registry.npmjs.org/domhandler/-/domhandler-5.0.3.tgz 0ms (cache hit)
845 http cache dom-serializer@https://registry.npmjs.org/dom-serializer/-/dom-serializer-2.0.0.tgz 0ms (cache hit)
846 http cache cheerio-select@https://registry.npmjs.org/cheerio-select/-/cheerio-select-2.1.0.tgz 0ms (cache hit)
847 http cache async.util.restparam@https://registry.npmjs.org/async.util.restparam/-/async.util.restparam-0.5.2.tgz 0ms (cache hit)
848 http cache async.util.isarray@https://registry.npmjs.org/async.util.isarray/-/async.util.isarray-0.5.2.tgz 0ms (cache hit)
849 http cache async.util.keys@https://registry.npmjs.org/async.util.keys/-/async.util.keys-0.5.2.tgz 0ms (cache hit)
850 http cache async.util.isarraylike@https://registry.npmjs.org/async.util.isarraylike/-/async.util.isarraylike-0.5.2.tgz 0ms (cache hit)
851 http cache async.util.onlyonce@https://registry.npmjs.org/async.util.onlyonce/-/async.util.onlyonce-0.5.2.tgz 0ms (cache hit)
852 http cache async.util.once@https://registry.npmjs.org/async.util.once/-/async.util.once-0.5.2.tgz 0ms (cache hit)
853 http cache async.util.noop@https://registry.npmjs.org/async.util.noop/-/async.util.noop-0.5.2.tgz 0ms (cache hit)
854 http cache async.util.keyiterator@https://registry.npmjs.org/async.util.keyiterator/-/async.util.keyiterator-0.5.2.tgz 0ms (cache hit)
855 http cache async.util.parallel@https://registry.npmjs.org/async.util.parallel/-/async.util.parallel-0.5.2.tgz 0ms (cache hit)
856 http cache async.util.eachoflimit@https://registry.npmjs.org/async.util.eachoflimit/-/async.util.eachoflimit-0.5.2.tgz 0ms (cache hit)
857 http cache node-fzf@https://registry.npmjs.org/node-fzf/-/node-fzf-0.14.0.tgz 0ms (cache hit)
858 http cache minimist@https://registry.npmjs.org/minimist/-/minimist-1.2.8.tgz 0ms (cache hit)
859 http cache jsonpath-plus@https://registry.npmjs.org/jsonpath-plus/-/jsonpath-plus-10.3.0.tgz 0ms (cache hit)
860 http cache human-time@https://registry.npmjs.org/human-time/-/human-time-0.0.2.tgz 0ms (cache hit)
861 http cache dasu@https://registry.npmjs.org/dasu/-/dasu-0.4.3.tgz 0ms (cache hit)
862 http cache cheerio@https://registry.npmjs.org/cheerio/-/cheerio-1.2.0.tgz 0ms (cache hit)
863 http cache boolstring@https://registry.npmjs.org/boolstring/-/boolstring-2.0.1.tgz 0ms (cache hit)
864 http cache async.parallellimit@https://registry.npmjs.org/async.parallellimit/-/async.parallellimit-0.5.2.tgz 0ms (cache hit)
865 http cache isexe@https://registry.npmjs.org/isexe/-/isexe-2.0.0.tgz 0ms (cache hit)
866 http cache punycode@https://registry.npmjs.org/punycode/-/punycode-2.3.1.tgz 0ms (cache hit)
867 http cache psl@https://registry.npmjs.org/psl/-/psl-1.15.0.tgz 0ms (cache hit)
868 http cache tweetnacl@https://registry.npmjs.org/tweetnacl/-/tweetnacl-0.14.5.tgz 0ms (cache hit)
869 http cache safer-buffer@https://registry.npmjs.org/safer-buffer/-/safer-buffer-2.1.2.tgz 0ms (cache hit)
870 http cache jsbn@https://registry.npmjs.org/jsbn/-/jsbn-0.1.1.tgz 0ms (cache hit)
871 http cache getpass@https://registry.npmjs.org/getpass/-/getpass-0.1.7.tgz 0ms (cache hit)
872 http cache domutils@https://registry.npmjs.org/domutils/-/domutils-3.2.2.tgz 0ms (cache hit)
873 http cache encoding-sniffer@https://registry.npmjs.org/encoding-sniffer/-/encoding-sniffer-0.2.1.tgz 0ms (cache hit)
874 http cache ecc-jsbn@https://registry.npmjs.org/ecc-jsbn/-/ecc-jsbn-0.1.2.tgz 0ms (cache hit)
875 http cache asn1@https://registry.npmjs.org/asn1/-/asn1-0.2.6.tgz 0ms (cache hit)
876 http cache verror@https://registry.npmjs.org/verror/-/verror-1.10.0.tgz 0ms (cache hit)
877 http cache json-schema@https://registry.npmjs.org/json-schema/-/json-schema-0.4.0.tgz 0ms (cache hit)
878 http cache dashdash@https://registry.npmjs.org/dashdash/-/dashdash-1.14.1.tgz 0ms (cache hit)
879 http cache extsprintf@https://registry.npmjs.org/extsprintf/-/extsprintf-1.3.0.tgz 0ms (cache hit)
880 http cache jsprim@https://registry.npmjs.org/jsprim/-/jsprim-1.4.2.tgz 0ms (cache hit)
881 http cache bcrypt-pbkdf@https://registry.npmjs.org/bcrypt-pbkdf/-/bcrypt-pbkdf-1.0.2.tgz 1ms (cache hit)
882 http cache assert-plus@https://registry.npmjs.org/assert-plus/-/assert-plus-1.0.0.tgz 0ms (cache hit)
883 http cache sshpk@https://registry.npmjs.org/sshpk/-/sshpk-1.18.0.tgz 0ms (cache hit)
884 http cache uri-js@https://registry.npmjs.org/uri-js/-/uri-js-4.4.1.tgz 0ms (cache hit)
885 http cache fast-deep-equal@https://registry.npmjs.org/fast-deep-equal/-/fast-deep-equal-3.1.3.tgz 0ms (cache hit)
886 http cache har-schema@https://registry.npmjs.org/har-schema/-/har-schema-2.0.0.tgz 0ms (cache hit)
887 http cache ajv@https://registry.npmjs.org/ajv/-/ajv-6.15.0.tgz 0ms (cache hit)
888 http cache fast-json-stable-stringify@https://registry.npmjs.org/fast-json-stable-stringify/-/fast-json-stable-stringify-2.1.0.tgz 0ms (cache hit)
889 http cache uuid@https://registry.npmjs.org/uuid/-/uuid-3.4.0.tgz 0ms (cache hit)
890 http cache tough-cookie@https://registry.npmjs.org/tough-cookie/-/tough-cookie-2.5.0.tgz 0ms (cache hit)
891 http cache qs@https://registry.npmjs.org/qs/-/qs-6.5.5.tgz 0ms (cache hit)
892 http cache performance-now@https://registry.npmjs.org/performance-now/-/performance-now-2.1.0.tgz 0ms (cache hit)
893 http cache oauth-sign@https://registry.npmjs.org/oauth-sign/-/oauth-sign-0.9.0.tgz 0ms (cache hit)
894 http cache tunnel-agent@https://registry.npmjs.org/tunnel-agent/-/tunnel-agent-0.6.0.tgz 0ms (cache hit)
895 http cache json-stringify-safe@https://registry.npmjs.org/json-stringify-safe/-/json-stringify-safe-5.0.1.tgz 0ms (cache hit)
896 http cache is-typedarray@https://registry.npmjs.org/is-typedarray/-/is-typedarray-1.0.0.tgz 0ms (cache hit)
897 http cache http-signature@https://registry.npmjs.org/http-signature/-/http-signature-1.2.0.tgz 0ms (cache hit)
898 http cache har-validator@https://registry.npmjs.org/har-validator/-/har-validator-5.1.5.tgz 0ms (cache hit)
899 http cache forever-agent@https://registry.npmjs.org/forever-agent/-/forever-agent-0.6.1.tgz 0ms (cache hit)
900 http cache isstream@https://registry.npmjs.org/isstream/-/isstream-0.1.2.tgz 0ms (cache hit)
901 http cache extend@https://registry.npmjs.org/extend/-/extend-3.0.2.tgz 0ms (cache hit)
902 http cache aws4@https://registry.npmjs.org/aws4/-/aws4-1.13.2.tgz 0ms (cache hit)
903 http cache aws-sign2@https://registry.npmjs.org/aws-sign2/-/aws-sign2-0.7.0.tgz 0ms (cache hit)
904 http cache util-deprecate@https://registry.npmjs.org/util-deprecate/-/util-deprecate-1.0.2.tgz 1ms (cache hit)
905 http cache string_decoder@https://registry.npmjs.org/string_decoder/-/string_decoder-1.1.1.tgz 0ms (cache hit)
906 http cache caseless@https://registry.npmjs.org/caseless/-/caseless-0.12.0.tgz 0ms (cache hit)
907 http cache safe-buffer@https://registry.npmjs.org/safe-buffer/-/safe-buffer-5.1.2.tgz 0ms (cache hit)
908 http cache isarray@https://registry.npmjs.org/isarray/-/isarray-1.0.0.tgz 0ms (cache hit)
909 http cache core-util-is@https://registry.npmjs.org/core-util-is/-/core-util-is-1.0.3.tgz 0ms (cache hit)
910 http cache json-schema-traverse@https://registry.npmjs.org/json-schema-traverse/-/json-schema-traverse-0.4.1.tgz 0ms (cache hit)
911 http cache process-nextick-args@https://registry.npmjs.org/process-nextick-args/-/process-nextick-args-2.0.1.tgz 0ms (cache hit)
912 http cache readable-stream@https://registry.npmjs.org/readable-stream/-/readable-stream-2.3.8.tgz 0ms (cache hit)
913 http cache inherits@https://registry.npmjs.org/inherits/-/inherits-2.0.4.tgz 0ms (cache hit)
914 http cache request@https://registry.npmjs.org/request/-/request-2.88.2.tgz 0ms (cache hit)
915 http cache fake-useragent@https://registry.npmjs.org/fake-useragent/-/fake-useragent-1.0.1.tgz 1ms (cache hit)
916 http cache multistream@https://registry.npmjs.org/multistream/-/multistream-2.1.1.tgz 0ms (cache hit)
917 http cache escape-string-regexp@https://registry.npmjs.org/escape-string-regexp/-/escape-string-regexp-1.0.5.tgz 0ms (cache hit)
918 http cache agent-base@https://registry.npmjs.org/agent-base/-/agent-base-6.0.2.tgz 0ms (cache hit)
919 http cache mime-db@https://registry.npmjs.org/mime-db/-/mime-db-1.52.0.tgz 0ms (cache hit)
920 http cache dunder-proto@https://registry.npmjs.org/dunder-proto/-/dunder-proto-1.0.1.tgz 0ms (cache hit)
921 http cache math-intrinsics@https://registry.npmjs.org/math-intrinsics/-/math-intrinsics-1.1.0.tgz 0ms (cache hit)
922 http cache has-symbols@https://registry.npmjs.org/has-symbols/-/has-symbols-1.1.0.tgz 0ms (cache hit)
923 http cache gopd@https://registry.npmjs.org/gopd/-/gopd-1.2.0.tgz 0ms (cache hit)
924 http cache get-proto@https://registry.npmjs.org/get-proto/-/get-proto-1.0.1.tgz 0ms (cache hit)
925 http cache function-bind@https://registry.npmjs.org/function-bind/-/function-bind-1.1.2.tgz 0ms (cache hit)
926 http cache es-object-atoms@https://registry.npmjs.org/es-object-atoms/-/es-object-atoms-1.1.2.tgz 0ms (cache hit)
927 http cache es-define-property@https://registry.npmjs.org/es-define-property/-/es-define-property-1.0.1.tgz 0ms (cache hit)
928 http cache call-bind-apply-helpers@https://registry.npmjs.org/call-bind-apply-helpers/-/call-bind-apply-helpers-1.0.2.tgz 0ms (cache hit)
929 http cache has-tostringtag@https://registry.npmjs.org/has-tostringtag/-/has-tostringtag-1.0.2.tgz 0ms (cache hit)
930 http cache get-intrinsic@https://registry.npmjs.org/get-intrinsic/-/get-intrinsic-1.3.0.tgz 0ms (cache hit)
931 http cache es-errors@https://registry.npmjs.org/es-errors/-/es-errors-1.3.0.tgz 0ms (cache hit)
932 http cache delayed-stream@https://registry.npmjs.org/delayed-stream/-/delayed-stream-1.0.0.tgz 0ms (cache hit)
933 http cache hasown@https://registry.npmjs.org/hasown/-/hasown-2.0.4.tgz 1ms (cache hit)
934 http cache mime-types@https://registry.npmjs.org/mime-types/-/mime-types-2.1.35.tgz 0ms (cache hit)
935 http cache es-set-tostringtag@https://registry.npmjs.org/es-set-tostringtag/-/es-set-tostringtag-2.1.0.tgz 0ms (cache hit)
936 http cache asynckit@https://registry.npmjs.org/asynckit/-/asynckit-0.4.0.tgz 0ms (cache hit)
937 http cache proxy-from-env@https://registry.npmjs.org/proxy-from-env/-/proxy-from-env-2.1.0.tgz 0ms (cache hit)
938 http cache combined-stream@https://registry.npmjs.org/combined-stream/-/combined-stream-1.0.8.tgz 0ms (cache hit)
939 http cache async@https://registry.npmjs.org/async/-/async-0.2.10.tgz 0ms (cache hit)
940 http cache form-data@https://registry.npmjs.org/form-data/-/form-data-4.0.6.tgz 0ms (cache hit)
941 http cache which@https://registry.npmjs.org/which/-/which-1.3.1.tgz 0ms (cache hit)
942 http cache follow-redirects@https://registry.npmjs.org/follow-redirects/-/follow-redirects-1.16.0.tgz 0ms (cache hit)
943 http cache node-gtts@https://registry.npmjs.org/node-gtts/-/node-gtts-2.0.2.tgz 0ms (cache hit)
944 http cache https-proxy-agent@https://registry.npmjs.org/https-proxy-agent/-/https-proxy-agent-5.0.1.tgz 0ms (cache hit)
945 http cache fluent-ffmpeg@https://registry.npmjs.org/fluent-ffmpeg/-/fluent-ffmpeg-2.1.3.tgz 0ms (cache hit)
946 http cache entities@https://registry.npmjs.org/entities/-/entities-6.0.1.tgz 0ms (cache hit)
947 http cache yt-search@https://registry.npmjs.org/yt-search/-/yt-search-2.13.1.tgz 0ms (cache hit)
948 http cache entities@https://registry.npmjs.org/entities/-/entities-7.0.1.tgz 0ms (cache hit)
949 http cache axios@https://registry.npmjs.org/axios/-/axios-1.19.0.tgz 0ms (cache hit)
950 http cache form-data@https://registry.npmjs.org/form-data/-/form-data-2.3.3.tgz 0ms (cache hit)
951 http cache core-util-is@https://registry.npmjs.org/core-util-is/-/core-util-is-1.0.2.tgz 0ms (cache hit)
952 http cache async@https://registry.npmjs.org/async/-/async-2.6.4.tgz 0ms (cache hit)
953 silly tarball no local data for is-fullwidth-code-point@https://registry.npmjs.org/is-fullwidth-code-point/-/is-fullwidth-code-point-2.0.0.tgz. Extracting by manifest.
954 silly tarball no local data for signal-exit@https://registry.npmjs.org/signal-exit/-/signal-exit-3.0.7.tgz. Extracting by manifest.
955 silly tarball no local data for onetime@https://registry.npmjs.org/onetime/-/onetime-5.1.2.tgz. Extracting by manifest.
956 silly tarball no local data for concat-map@https://registry.npmjs.org/concat-map/-/concat-map-0.0.1.tgz. Extracting by manifest.
957 silly tarball no local data for strip-ansi@https://registry.npmjs.org/strip-ansi/-/strip-ansi-4.0.0.tgz. Extracting by manifest.
958 silly tarball no local data for mimic-fn@https://registry.npmjs.org/mimic-fn/-/mimic-fn-2.1.0.tgz. Extracting by manifest.
959 silly tarball no local data for balanced-match@https://registry.npmjs.org/balanced-match/-/balanced-match-1.0.2.tgz. Extracting by manifest.
960 silly tarball no local data for ttys@https://registry.npmjs.org/ttys/-/ttys-0.0.3.tgz. Extracting by manifest.
961 silly tarball no local data for string-width@https://registry.npmjs.org/string-width/-/string-width-2.1.1.tgz. Extracting by manifest.
962 silly tarball no local data for restore-cursor@https://registry.npmjs.org/restore-cursor/-/restore-cursor-3.1.0.tgz. Extracting by manifest.
963 silly tarball no local data for redstar@https://registry.npmjs.org/redstar/-/redstar-0.0.2.tgz. Extracting by manifest.
964 silly tarball no local data for minimatch@https://registry.npmjs.org/minimatch/-/minimatch-3.0.8.tgz. Extracting by manifest.
965 silly tarball no local data for brace-expansion@https://registry.npmjs.org/brace-expansion/-/brace-expansion-1.1.18.tgz. Extracting by manifest.
966 silly tarball no local data for picocolors@https://registry.npmjs.org/picocolors/-/picocolors-1.1.1.tgz. Extracting by manifest.
967 silly tarball no local data for @jsep-plugin/regex@https://registry.npmjs.org/@jsep-plugin/regex/-/regex-1.0.4.tgz. Extracting by manifest.
968 silly tarball no local data for @jsep-plugin/assignment@https://registry.npmjs.org/@jsep-plugin/assignment/-/assignment-1.3.0.tgz. Extracting by manifest.
969 silly tarball no local data for whatwg-encoding@https://registry.npmjs.org/whatwg-encoding/-/whatwg-encoding-3.1.1.tgz. Extracting by manifest.
970 silly tarball no local data for keypress@https://registry.npmjs.org/keypress/-/keypress-0.2.1.tgz. Extracting by manifest.
971 silly tarball no local data for entities@https://registry.npmjs.org/entities/-/entities-4.5.0.tgz. Extracting by manifest.
972 silly tarball no local data for jsep@https://registry.npmjs.org/jsep/-/jsep-1.4.0.tgz. Extracting by manifest.
973 silly tarball no local data for nth-check@https://registry.npmjs.org/nth-check/-/nth-check-2.1.1.tgz. Extracting by manifest.
974 silly tarball no local data for css-what@https://registry.npmjs.org/css-what/-/css-what-6.2.2.tgz. Extracting by manifest.
975 silly tarball no local data for iconv-lite@https://registry.npmjs.org/iconv-lite/-/iconv-lite-0.6.3.tgz. Extracting by manifest.
976 silly tarball no local data for css-select@https://registry.npmjs.org/css-select/-/css-select-5.2.2.tgz. Extracting by manifest.
977 silly tarball no local data for whatwg-mimetype@https://registry.npmjs.org/whatwg-mimetype/-/whatwg-mimetype-4.0.0.tgz. Extracting by manifest.
978 silly tarball no local data for domelementtype@https://registry.npmjs.org/domelementtype/-/domelementtype-2.3.0.tgz. Extracting by manifest.
979 silly tarball no local data for undici@https://registry.npmjs.org/undici/-/undici-7.29.0.tgz. Extracting by manifest.
980 silly tarball no local data for parse5-htmlparser2-tree-adapter@https://registry.npmjs.org/parse5-htmlparser2-tree-adapter/-/parse5-htmlparser2-tree-adapter-7.1.0.tgz. Extracting by manifest.
981 silly tarball no local data for parse5@https://registry.npmjs.org/parse5/-/parse5-7.3.0.tgz. Extracting by manifest.
982 silly tarball no local data for htmlparser2@https://registry.npmjs.org/htmlparser2/-/htmlparser2-10.1.0.tgz. Extracting by manifest.
983 silly tarball no local data for boolbase@https://registry.npmjs.org/boolbase/-/boolbase-1.0.0.tgz. Extracting by manifest.
984 silly tarball no local data for parse5-parser-stream@https://registry.npmjs.org/parse5-parser-stream/-/parse5-parser-stream-7.1.2.tgz. Extracting by manifest.
985 silly tarball no local data for ansi-regex@https://registry.npmjs.org/ansi-regex/-/ansi-regex-3.0.1.tgz. Extracting by manifest.
986 silly tarball no local data for domhandler@https://registry.npmjs.org/domhandler/-/domhandler-5.0.3.tgz. Extracting by manifest.
987 silly tarball no local data for dom-serializer@https://registry.npmjs.org/dom-serializer/-/dom-serializer-2.0.0.tgz. Extracting by manifest.
988 silly tarball no local data for cheerio-select@https://registry.npmjs.org/cheerio-select/-/cheerio-select-2.1.0.tgz. Extracting by manifest.
989 silly tarball no local data for async.util.restparam@https://registry.npmjs.org/async.util.restparam/-/async.util.restparam-0.5.2.tgz. Extracting by manifest.
990 silly tarball no local data for async.util.isarray@https://registry.npmjs.org/async.util.isarray/-/async.util.isarray-0.5.2.tgz. Extracting by manifest.
991 silly tarball no local data for async.util.keys@https://registry.npmjs.org/async.util.keys/-/async.util.keys-0.5.2.tgz. Extracting by manifest.
992 silly tarball no local data for async.util.isarraylike@https://registry.npmjs.org/async.util.isarraylike/-/async.util.isarraylike-0.5.2.tgz. Extracting by manifest.
993 silly tarball no local data for async.util.onlyonce@https://registry.npmjs.org/async.util.onlyonce/-/async.util.onlyonce-0.5.2.tgz. Extracting by manifest.
994 silly tarball no local data for async.util.once@https://registry.npmjs.org/async.util.once/-/async.util.once-0.5.2.tgz. Extracting by manifest.
995 silly tarball no local data for async.util.keyiterator@https://registry.npmjs.org/async.util.keyiterator/-/async.util.keyiterator-0.5.2.tgz. Extracting by manifest.
996 silly tarball no local data for async.util.noop@https://registry.npmjs.org/async.util.noop/-/async.util.noop-0.5.2.tgz. Extracting by manifest.
997 silly tarball no local data for async.util.parallel@https://registry.npmjs.org/async.util.parallel/-/async.util.parallel-0.5.2.tgz. Extracting by manifest.
998 silly tarball no local data for async.util.eachoflimit@https://registry.npmjs.org/async.util.eachoflimit/-/async.util.eachoflimit-0.5.2.tgz. Extracting by manifest.
999 silly tarball no local data for node-fzf@https://registry.npmjs.org/node-fzf/-/node-fzf-0.14.0.tgz. Extracting by manifest.
1000 silly tarball no local data for minimist@https://registry.npmjs.org/minimist/-/minimist-1.2.8.tgz. Extracting by manifest.
1001 silly tarball no local data for jsonpath-plus@https://registry.npmjs.org/jsonpath-plus/-/jsonpath-plus-10.3.0.tgz. Extracting by manifest.
1002 silly tarball no local data for human-time@https://registry.npmjs.org/human-time/-/human-time-0.0.2.tgz. Extracting by manifest.
1003 silly tarball no local data for dasu@https://registry.npmjs.org/dasu/-/dasu-0.4.3.tgz. Extracting by manifest.
1004 silly tarball no local data for cheerio@https://registry.npmjs.org/cheerio/-/cheerio-1.2.0.tgz. Extracting by manifest.
1005 silly tarball no local data for boolstring@https://registry.npmjs.org/boolstring/-/boolstring-2.0.1.tgz. Extracting by manifest.
1006 silly tarball no local data for async.parallellimit@https://registry.npmjs.org/async.parallellimit/-/async.parallellimit-0.5.2.tgz. Extracting by manifest.
1007 silly tarball no local data for isexe@https://registry.npmjs.org/isexe/-/isexe-2.0.0.tgz. Extracting by manifest.
1008 silly tarball no local data for punycode@https://registry.npmjs.org/punycode/-/punycode-2.3.1.tgz. Extracting by manifest.
1009 silly tarball no local data for psl@https://registry.npmjs.org/psl/-/psl-1.15.0.tgz. Extracting by manifest.
1010 silly tarball no local data for safer-buffer@https://registry.npmjs.org/safer-buffer/-/safer-buffer-2.1.2.tgz. Extracting by manifest.
1011 silly tarball no local data for tweetnacl@https://registry.npmjs.org/tweetnacl/-/tweetnacl-0.14.5.tgz. Extracting by manifest.
1012 silly tarball no local data for jsbn@https://registry.npmjs.org/jsbn/-/jsbn-0.1.1.tgz. Extracting by manifest.
1013 silly tarball no local data for getpass@https://registry.npmjs.org/getpass/-/getpass-0.1.7.tgz. Extracting by manifest.
1014 silly tarball no local data for domutils@https://registry.npmjs.org/domutils/-/domutils-3.2.2.tgz. Extracting by manifest.
1015 silly tarball no local data for encoding-sniffer@https://registry.npmjs.org/encoding-sniffer/-/encoding-sniffer-0.2.1.tgz. Extracting by manifest.
1016 silly tarball no local data for ecc-jsbn@https://registry.npmjs.org/ecc-jsbn/-/ecc-jsbn-0.1.2.tgz. Extracting by manifest.
1017 silly tarball no local data for asn1@https://registry.npmjs.org/asn1/-/asn1-0.2.6.tgz. Extracting by manifest.
1018 silly tarball no local data for verror@https://registry.npmjs.org/verror/-/verror-1.10.0.tgz. Extracting by manifest.
1019 silly tarball no local data for json-schema@https://registry.npmjs.org/json-schema/-/json-schema-0.4.0.tgz. Extracting by manifest.
1020 silly tarball no local data for dashdash@https://registry.npmjs.org/dashdash/-/dashdash-1.14.1.tgz. Extracting by manifest.
1021 silly tarball no local data for extsprintf@https://registry.npmjs.org/extsprintf/-/extsprintf-1.3.0.tgz. Extracting by manifest.
1022 silly tarball no local data for jsprim@https://registry.npmjs.org/jsprim/-/jsprim-1.4.2.tgz. Extracting by manifest.
1023 silly tarball no local data for bcrypt-pbkdf@https://registry.npmjs.org/bcrypt-pbkdf/-/bcrypt-pbkdf-1.0.2.tgz. Extracting by manifest.
1024 silly tarball no local data for assert-plus@https://registry.npmjs.org/assert-plus/-/assert-plus-1.0.0.tgz. Extracting by manifest.
1025 silly tarball no local data for sshpk@https://registry.npmjs.org/sshpk/-/sshpk-1.18.0.tgz. Extracting by manifest.
1026 silly tarball no local data for uri-js@https://registry.npmjs.org/uri-js/-/uri-js-4.4.1.tgz. Extracting by manifest.
1027 silly tarball no local data for har-schema@https://registry.npmjs.org/har-schema/-/har-schema-2.0.0.tgz. Extracting by manifest.
1028 silly tarball no local data for fast-deep-equal@https://registry.npmjs.org/fast-deep-equal/-/fast-deep-equal-3.1.3.tgz. Extracting by manifest.
1029 silly tarball no local data for ajv@https://registry.npmjs.org/ajv/-/ajv-6.15.0.tgz. Extracting by manifest.
1030 silly tarball no local data for fast-json-stable-stringify@https://registry.npmjs.org/fast-json-stable-stringify/-/fast-json-stable-stringify-2.1.0.tgz. Extracting by manifest.
1031 silly tarball no local data for tough-cookie@https://registry.npmjs.org/tough-cookie/-/tough-cookie-2.5.0.tgz. Extracting by manifest.
1032 silly tarball no local data for uuid@https://registry.npmjs.org/uuid/-/uuid-3.4.0.tgz. Extracting by manifest.
1033 silly tarball no local data for performance-now@https://registry.npmjs.org/performance-now/-/performance-now-2.1.0.tgz. Extracting by manifest.
1034 silly tarball no local data for qs@https://registry.npmjs.org/qs/-/qs-6.5.5.tgz. Extracting by manifest.
1035 silly tarball no local data for oauth-sign@https://registry.npmjs.org/oauth-sign/-/oauth-sign-0.9.0.tgz. Extracting by manifest.
1036 silly tarball no local data for tunnel-agent@https://registry.npmjs.org/tunnel-agent/-/tunnel-agent-0.6.0.tgz. Extracting by manifest.
1037 silly tarball no local data for is-typedarray@https://registry.npmjs.org/is-typedarray/-/is-typedarray-1.0.0.tgz. Extracting by manifest.
1038 silly tarball no local data for http-signature@https://registry.npmjs.org/http-signature/-/http-signature-1.2.0.tgz. Extracting by manifest.
1039 silly tarball no local data for har-validator@https://registry.npmjs.org/har-validator/-/har-validator-5.1.5.tgz. Extracting by manifest.
1040 silly tarball no local data for forever-agent@https://registry.npmjs.org/forever-agent/-/forever-agent-0.6.1.tgz. Extracting by manifest.
1041 silly tarball no local data for extend@https://registry.npmjs.org/extend/-/extend-3.0.2.tgz. Extracting by manifest.
1042 silly tarball no local data for isstream@https://registry.npmjs.org/isstream/-/isstream-0.1.2.tgz. Extracting by manifest.
1043 silly tarball no local data for aws4@https://registry.npmjs.org/aws4/-/aws4-1.13.2.tgz. Extracting by manifest.
1044 silly tarball no local data for util-deprecate@https://registry.npmjs.org/util-deprecate/-/util-deprecate-1.0.2.tgz. Extracting by manifest.
1045 silly tarball no local data for aws-sign2@https://registry.npmjs.org/aws-sign2/-/aws-sign2-0.7.0.tgz. Extracting by manifest.
1046 silly tarball no local data for string_decoder@https://registry.npmjs.org/string_decoder/-/string_decoder-1.1.1.tgz. Extracting by manifest.
1047 silly tarball no local data for caseless@https://registry.npmjs.org/caseless/-/caseless-0.12.0.tgz. Extracting by manifest.
1048 silly tarball no local data for safe-buffer@https://registry.npmjs.org/safe-buffer/-/safe-buffer-5.1.2.tgz. Extracting by manifest.
1049 silly tarball no local data for isarray@https://registry.npmjs.org/isarray/-/isarray-1.0.0.tgz. Extracting by manifest.
1050 silly tarball no local data for core-util-is@https://registry.npmjs.org/core-util-is/-/core-util-is-1.0.3.tgz. Extracting by manifest.
1051 silly tarball no local data for json-schema-traverse@https://registry.npmjs.org/json-schema-traverse/-/json-schema-traverse-0.4.1.tgz. Extracting by manifest.
1052 silly tarball no local data for process-nextick-args@https://registry.npmjs.org/process-nextick-args/-/process-nextick-args-2.0.1.tgz. Extracting by manifest.
1053 silly tarball no local data for readable-stream@https://registry.npmjs.org/readable-stream/-/readable-stream-2.3.8.tgz. Extracting by manifest.
1054 silly tarball no local data for inherits@https://registry.npmjs.org/inherits/-/inherits-2.0.4.tgz. Extracting by manifest.
1055 silly tarball no local data for request@https://registry.npmjs.org/request/-/request-2.88.2.tgz. Extracting by manifest.
1056 silly tarball no local data for fake-useragent@https://registry.npmjs.org/fake-useragent/-/fake-useragent-1.0.1.tgz. Extracting by manifest.
1057 silly tarball no local data for multistream@https://registry.npmjs.org/multistream/-/multistream-2.1.1.tgz. Extracting by manifest.
1058 silly tarball no local data for escape-string-regexp@https://registry.npmjs.org/escape-string-regexp/-/escape-string-regexp-1.0.5.tgz. Extracting by manifest.
1059 silly tarball no local data for mime-db@https://registry.npmjs.org/mime-db/-/mime-db-1.52.0.tgz. Extracting by manifest.
1060 silly tarball no local data for dunder-proto@https://registry.npmjs.org/dunder-proto/-/dunder-proto-1.0.1.tgz. Extracting by manifest.
1061 silly tarball no local data for agent-base@https://registry.npmjs.org/agent-base/-/agent-base-6.0.2.tgz. Extracting by manifest.
1062 silly tarball no local data for math-intrinsics@https://registry.npmjs.org/math-intrinsics/-/math-intrinsics-1.1.0.tgz. Extracting by manifest.
1063 silly tarball no local data for gopd@https://registry.npmjs.org/gopd/-/gopd-1.2.0.tgz. Extracting by manifest.
1064 silly tarball no local data for has-symbols@https://registry.npmjs.org/has-symbols/-/has-symbols-1.1.0.tgz. Extracting by manifest.
1065 silly tarball no local data for get-proto@https://registry.npmjs.org/get-proto/-/get-proto-1.0.1.tgz. Extracting by manifest.
1066 silly tarball no local data for function-bind@https://registry.npmjs.org/function-bind/-/function-bind-1.1.2.tgz. Extracting by manifest.
1067 silly tarball no local data for es-object-atoms@https://registry.npmjs.org/es-object-atoms/-/es-object-atoms-1.1.2.tgz. Extracting by manifest.
1068 silly tarball no local data for es-define-property@https://registry.npmjs.org/es-define-property/-/es-define-property-1.0.1.tgz. Extracting by manifest.
1069 silly tarball no local data for call-bind-apply-helpers@https://registry.npmjs.org/call-bind-apply-helpers/-/call-bind-apply-helpers-1.0.2.tgz. Extracting by manifest.
1070 silly tarball no local data for get-intrinsic@https://registry.npmjs.org/get-intrinsic/-/get-intrinsic-1.3.0.tgz. Extracting by manifest.
1071 silly tarball no local data for has-tostringtag@https://registry.npmjs.org/has-tostringtag/-/has-tostringtag-1.0.2.tgz. Extracting by manifest.
1072 silly tarball no local data for es-errors@https://registry.npmjs.org/es-errors/-/es-errors-1.3.0.tgz. Extracting by manifest.
1073 silly tarball no local data for delayed-stream@https://registry.npmjs.org/delayed-stream/-/delayed-stream-1.0.0.tgz. Extracting by manifest.
1074 silly tarball no local data for hasown@https://registry.npmjs.org/hasown/-/hasown-2.0.4.tgz. Extracting by manifest.
1075 silly tarball no local data for mime-types@https://registry.npmjs.org/mime-types/-/mime-types-2.1.35.tgz. Extracting by manifest.
1076 silly tarball no local data for es-set-tostringtag@https://registry.npmjs.org/es-set-tostringtag/-/es-set-tostringtag-2.1.0.tgz. Extracting by manifest.
1077 silly tarball no local data for asynckit@https://registry.npmjs.org/asynckit/-/asynckit-0.4.0.tgz. Extracting by manifest.
1078 silly tarball no local data for proxy-from-env@https://registry.npmjs.org/proxy-from-env/-/proxy-from-env-2.1.0.tgz. Extracting by manifest.
1079 silly tarball no local data for async@https://registry.npmjs.org/async/-/async-0.2.10.tgz. Extracting by manifest.
1080 silly tarball no local data for combined-stream@https://registry.npmjs.org/combined-stream/-/combined-stream-1.0.8.tgz. Extracting by manifest.
1081 silly tarball no local data for form-data@https://registry.npmjs.org/form-data/-/form-data-4.0.6.tgz. Extracting by manifest.
1082 silly tarball no local data for which@https://registry.npmjs.org/which/-/which-1.3.1.tgz. Extracting by manifest.
1083 silly tarball no local data for node-gtts@https://registry.npmjs.org/node-gtts/-/node-gtts-2.0.2.tgz. Extracting by manifest.
1084 silly tarball no local data for https-proxy-agent@https://registry.npmjs.org/https-proxy-agent/-/https-proxy-agent-5.0.1.tgz. Extracting by manifest.
1085 silly tarball no local data for entities@https://registry.npmjs.org/entities/-/entities-6.0.1.tgz. Extracting by manifest.
1086 silly tarball no local data for fluent-ffmpeg@https://registry.npmjs.org/fluent-ffmpeg/-/fluent-ffmpeg-2.1.3.tgz. Extracting by manifest.
1087 silly tarball no local data for yt-search@https://registry.npmjs.org/yt-search/-/yt-search-2.13.1.tgz. Extracting by manifest.
1088 silly tarball no local data for entities@https://registry.npmjs.org/entities/-/entities-7.0.1.tgz. Extracting by manifest.
1089 silly tarball no local data for axios@https://registry.npmjs.org/axios/-/axios-1.19.0.tgz. Extracting by manifest.
1090 silly tarball no local data for form-data@https://registry.npmjs.org/form-data/-/form-data-2.3.3.tgz. Extracting by manifest.
1091 silly tarball no local data for core-util-is@https://registry.npmjs.org/core-util-is/-/core-util-is-1.0.2.tgz. Extracting by manifest.
1092 http fetch POST 200 https://registry.npmjs.org/-/npm/v1/security/advisories/bulk 1061ms
1093 silly audit report {
1093 silly audit report   'form-data': [
1093 silly audit report     {
1093 silly audit report       id: 1109540,
1093 silly audit report       url: 'https://github.com/advisories/GHSA-fjxv-7rqg-78g4',
1093 silly audit report       title: 'form-data uses unsafe random function in form-data for choosing boundary',
1093 silly audit report       severity: 'critical',
1093 silly audit report       vulnerable_versions: '<2.5.4',
1093 silly audit report       cwe: [Array],
1093 silly audit report       cvss: [Object]
1093 silly audit report     },
1093 silly audit report     {
1093 silly audit report       id: 1120745,
1093 silly audit report       url: 'https://github.com/advisories/GHSA-hmw2-7cc7-3qxx',
1093 silly audit report       title: 'form-data: CRLF injection in form-data via unescaped multipart field names and filenames',
1093 silly audit report       severity: 'high',
1093 silly audit report       vulnerable_versions: '<2.5.6',
1093 silly audit report       cwe: [Array],
1093 silly audit report       cvss: [Object]
1093 silly audit report     }
1093 silly audit report   ],
1093 silly audit report   request: [
1093 silly audit report     {
1093 silly audit report       id: 1096727,
1093 silly audit report       url: 'https://github.com/advisories/GHSA-p8p7-x288-28g6',
1093 silly audit report       title: 'Server-Side Request Forgery in Request',
1093 silly audit report       severity: 'moderate',
1093 silly audit report       vulnerable_versions: '<=2.88.2',
1093 silly audit report       cwe: [Array],
1093 silly audit report       cvss: [Object]
1093 silly audit report     }
1093 silly audit report   ],
1093 silly audit report   qs: [
1093 silly audit report     {
1093 silly audit report       id: 1113719,
1093 silly audit report       url: 'https://github.com/advisories/GHSA-6rw7-vpxm-498p',
1093 silly audit report       title: "qs's arrayLimit bypass in its bracket notation allows DoS via memory exhaustion",
1093 silly audit report       severity: 'moderate',
1093 silly audit report       vulnerable_versions: '<6.14.1',
1093 silly audit report       cwe: [Array],
1093 silly audit report       cvss: [Object]
1093 silly audit report     }
1093 silly audit report   ],
1093 silly audit report   'tough-cookie': [
1093 silly audit report     {
1093 silly audit report       id: 1097682,
1093 silly audit report       url: 'https://github.com/advisories/GHSA-72xf-g2v4-qvf3',
1093 silly audit report       title: 'tough-cookie Prototype Pollution vulnerability',
1093 silly audit report       severity: 'moderate',
1093 silly audit report       vulnerable_versions: '<4.1.3',
1093 silly audit report       cwe: [Array],
1093 silly audit report       cvss: [Object]
1093 silly audit report     }
1093 silly audit report   ],
1093 silly audit report   uuid: [
1093 silly audit report     {
1093 silly audit report       id: 1119441,
1093 silly audit report       url: 'https://github.com/advisories/GHSA-w5hq-g745-h8pq',
1093 silly audit report       title: 'uuid: Missing buffer bounds check in v3/v5/v6 when buf is provided',
1093 silly audit report       severity: 'moderate',
1093 silly audit report       vulnerable_versions: '<11.1.1',
1093 silly audit report       cwe: [Array],
1093 silly audit report       cvss: [Object]
1093 silly audit report     }
1093 silly audit report   ],
1093 silly audit report   minimatch: [
1093 silly audit report     {
1093 silly audit report       id: 1113459,
1093 silly audit report       url: 'https://github.com/advisories/GHSA-3ppc-4f35-3m26',
1093 silly audit report       title: 'minimatch has a ReDoS via repeated wildcards with non-matching literal in pattern',
1093 silly audit report       severity: 'high',
1093 silly audit report       vulnerable_versions: '<3.1.3',
1093 silly audit report       cwe: [Array],
1093 silly audit report       cvss: [Object]
1093 silly audit report     },
1093 silly audit report     {
1093 silly audit report       id: 1113538,
1093 silly audit report       url: 'https://github.com/advisories/GHSA-7r86-cg39-jmmj',
1093 silly audit report       title: 'minimatch has ReDoS: matchOne() combinatorial backtracking via multiple non-adjacent GLOBSTAR segments',
1093 silly audit report       severity: 'high',
1093 silly audit report       vulnerable_versions: '<3.1.3',
1093 silly audit report       cwe: [Array],
1093 silly audit report       cvss: [Object]
1093 silly audit report     },
1093 silly audit report     {
1093 silly audit report       id: 1113546,
1093 silly audit report       url: 'https://github.com/advisories/GHSA-23c5-xmqv-rm74',
1093 silly audit report       title: 'minimatch ReDoS: nested *() extglobs generate catastrophically backtracking regular expressions',
1093 silly audit report       severity: 'high',
1093 silly audit report       vulnerable_versions: '<3.1.4',
1093 silly audit report       cwe: [Array],
1093 silly audit report       cvss: [Object]
1093 silly audit report     }
1093 silly audit report   ]
1093 silly audit report }
1094 silly packumentCache corgi:https://registry.npmjs.org/form-data cache-miss
1095 silly packumentCache corgi:https://registry.npmjs.org/request cache-miss
1096 silly packumentCache corgi:https://registry.npmjs.org/qs cache-miss
1097 silly packumentCache corgi:https://registry.npmjs.org/tough-cookie cache-miss
1098 silly packumentCache corgi:https://registry.npmjs.org/uuid cache-miss
1099 silly packumentCache corgi:https://registry.npmjs.org/minimatch cache-miss
1100 http fetch GET 200 https://registry.npmjs.org/concat-map/-/concat-map-0.0.1.tgz 1255ms (cache miss)
1101 http fetch GET 200 https://registry.npmjs.org/mimic-fn/-/mimic-fn-2.1.0.tgz 1253ms (cache miss)
1102 http fetch GET 200 https://registry.npmjs.org/signal-exit/-/signal-exit-3.0.7.tgz 1402ms (cache miss)
1103 http fetch GET 200 https://registry.npmjs.org/is-fullwidth-code-point/-/is-fullwidth-code-point-2.0.0.tgz 1406ms (cache miss)
1104 http fetch GET 200 https://registry.npmjs.org/whatwg-encoding/-/whatwg-encoding-3.1.1.tgz 1377ms (cache miss)
1105 http fetch GET 200 https://registry.npmjs.org/keypress/-/keypress-0.2.1.tgz 1380ms (cache miss)
1106 http fetch GET 200 https://registry.npmjs.org/onetime/-/onetime-5.1.2.tgz 1407ms (cache miss)
1107 warn deprecated whatwg-encoding@3.1.1: Use @exodus/bytes instead for a more spec-conformant and faster implementation
1108 http fetch GET 200 https://registry.npmjs.org/strip-ansi/-/strip-ansi-4.0.0.tgz 1549ms (cache miss)
1109 http fetch GET 200 https://registry.npmjs.org/parse5-htmlparser2-tree-adapter/-/parse5-htmlparser2-tree-adapter-7.1.0.tgz 1702ms (cache miss)
1110 http fetch GET 200 https://registry.npmjs.org/css-what/-/css-what-6.2.2.tgz 1795ms (cache miss)
1111 http fetch GET 200 https://registry.npmjs.org/whatwg-mimetype/-/whatwg-mimetype-4.0.0.tgz 1791ms (cache miss)
1112 http fetch GET 200 https://registry.npmjs.org/domelementtype/-/domelementtype-2.3.0.tgz 1791ms (cache miss)
1113 http fetch GET 200 https://registry.npmjs.org/ttys/-/ttys-0.0.3.tgz 1896ms (cache miss)
1114 http fetch GET 200 https://registry.npmjs.org/redstar/-/redstar-0.0.2.tgz 1892ms (cache miss)
1115 http fetch GET 200 https://registry.npmjs.org/boolbase/-/boolbase-1.0.0.tgz 1860ms (cache miss)
1116 http fetch GET 200 https://registry.npmjs.org/ansi-regex/-/ansi-regex-3.0.1.tgz 1984ms (cache miss)
1117 http fetch GET 200 https://registry.npmjs.org/cheerio-select/-/cheerio-select-2.1.0.tgz 1980ms (cache miss)
1118 http fetch GET 200 https://registry.npmjs.org/balanced-match/-/balanced-match-1.0.2.tgz 2098ms (cache miss)
1119 http fetch GET 200 https://registry.npmjs.org/async.util.isarray/-/async.util.isarray-0.5.2.tgz 2046ms (cache miss)
1120 http fetch GET 200 https://registry.npmjs.org/async.util.restparam/-/async.util.restparam-0.5.2.tgz 2050ms (cache miss)
1121 http fetch GET 200 https://registry.npmjs.org/async.util.noop/-/async.util.noop-0.5.2.tgz 2039ms (cache miss)
1122 http fetch GET 200 https://registry.npmjs.org/@jsep-plugin/assignment/-/assignment-1.3.0.tgz 2147ms (cache miss)
1123 http fetch GET 200 https://registry.npmjs.org/async.util.keys/-/async.util.keys-0.5.2.tgz 2108ms (cache miss)
1124 http fetch GET 200 https://registry.npmjs.org/async.util.onlyonce/-/async.util.onlyonce-0.5.2.tgz 2107ms (cache miss)
1125 http fetch GET 200 https://registry.npmjs.org/async.util.eachoflimit/-/async.util.eachoflimit-0.5.2.tgz 2099ms (cache miss)
1126 http fetch GET 200 https://registry.npmjs.org/picocolors/-/picocolors-1.1.1.tgz 2183ms (cache miss)
1127 http fetch GET 200 https://registry.npmjs.org/string-width/-/string-width-2.1.1.tgz 2193ms (cache miss)
1128 http fetch GET 200 https://registry.npmjs.org/async.util.keyiterator/-/async.util.keyiterator-0.5.2.tgz 2134ms (cache miss)
1129 http fetch GET 200 https://registry.npmjs.org/async.util.parallel/-/async.util.parallel-0.5.2.tgz 2131ms (cache miss)
1130 http fetch GET 200 https://registry.npmjs.org/node-fzf/-/node-fzf-0.14.0.tgz 2129ms (cache miss)
1131 http fetch GET 200 https://registry.npmjs.org/dasu/-/dasu-0.4.3.tgz 2124ms (cache miss)
1132 http fetch GET 200 https://registry.npmjs.org/restore-cursor/-/restore-cursor-3.1.0.tgz 2241ms (cache miss)
1133 http fetch GET 200 https://registry.npmjs.org/async.util.isarraylike/-/async.util.isarraylike-0.5.2.tgz 2189ms (cache miss)
1134 http fetch GET 200 https://registry.npmjs.org/async.util.once/-/async.util.once-0.5.2.tgz 2187ms (cache miss)
1135 http fetch GET 200 https://registry.npmjs.org/async.parallellimit/-/async.parallellimit-0.5.2.tgz 2169ms (cache miss)
1136 http fetch GET 200 https://registry.npmjs.org/safer-buffer/-/safer-buffer-2.1.2.tgz 2163ms (cache miss)
1137 http fetch GET 200 https://registry.npmjs.org/getpass/-/getpass-0.1.7.tgz 2159ms (cache miss)
1138 http fetch GET 200 https://registry.npmjs.org/brace-expansion/-/brace-expansion-1.1.18.tgz 2269ms (cache miss)
1139 http fetch GET 200 https://registry.npmjs.org/human-time/-/human-time-0.0.2.tgz 2206ms (cache miss)
1140 http fetch GET 200 https://registry.npmjs.org/ecc-jsbn/-/ecc-jsbn-0.1.2.tgz 2186ms (cache miss)
1141 http fetch GET 200 https://registry.npmjs.org/json-schema/-/json-schema-0.4.0.tgz 2183ms (cache miss)
1142 http fetch GET 200 https://registry.npmjs.org/boolstring/-/boolstring-2.0.1.tgz 2241ms (cache miss)
1143 http fetch GET 200 https://registry.npmjs.org/verror/-/verror-1.10.0.tgz 2221ms (cache miss)
1144 http fetch GET 200 https://registry.npmjs.org/extsprintf/-/extsprintf-1.3.0.tgz 2218ms (cache miss)
1145 http fetch GET 200 https://registry.npmjs.org/har-schema/-/har-schema-2.0.0.tgz 2209ms (cache miss)
1146 http fetch GET 200 https://registry.npmjs.org/minimatch/-/minimatch-3.0.8.tgz 2378ms (cache miss)
1147 http fetch GET 200 https://registry.npmjs.org/bcrypt-pbkdf/-/bcrypt-pbkdf-1.0.2.tgz 2281ms (cache miss)
1148 http fetch GET 200 https://registry.npmjs.org/uuid/-/uuid-3.4.0.tgz 2268ms (cache miss)
1149 http fetch GET 200 https://registry.npmjs.org/oauth-sign/-/oauth-sign-0.9.0.tgz 2265ms (cache miss)
1150 http fetch GET 200 https://registry.npmjs.org/is-typedarray/-/is-typedarray-1.0.0.tgz 2264ms (cache miss)
1151 http fetch GET 200 https://registry.npmjs.org/isstream/-/isstream-0.1.2.tgz 2257ms (cache miss)
1152 http fetch GET 200 https://registry.npmjs.org/isexe/-/isexe-2.0.0.tgz 2343ms (cache miss)
1153 http fetch GET 200 https://registry.npmjs.org/forever-agent/-/forever-agent-0.6.1.tgz 2290ms (cache miss)
1154 http fetch GET 200 https://registry.npmjs.org/isarray/-/isarray-1.0.0.tgz 2276ms (cache miss)
1155 http fetch GET 200 https://registry.npmjs.org/aws-sign2/-/aws-sign2-0.7.0.tgz 2285ms (cache miss)
1156 http fetch GET 200 https://registry.npmjs.org/har-validator/-/har-validator-5.1.5.tgz 2322ms (cache miss)
1157 warn deprecated har-validator@5.1.5: this library is no longer supported
1158 http fetch GET 200 https://registry.npmjs.org/aws4/-/aws4-1.13.2.tgz 2317ms (cache miss)
1159 http fetch GET 200 https://registry.npmjs.org/util-deprecate/-/util-deprecate-1.0.2.tgz 2316ms (cache miss)
1160 http fetch GET 200 https://registry.npmjs.org/string_decoder/-/string_decoder-1.1.1.tgz 2315ms (cache miss)
1161 http fetch GET 200 https://registry.npmjs.org/json-schema-traverse/-/json-schema-traverse-0.4.1.tgz 2306ms (cache miss)
1162 http fetch GET 200 https://registry.npmjs.org/process-nextick-args/-/process-nextick-args-2.0.1.tgz 2305ms (cache miss)
1163 http fetch GET 200 https://registry.npmjs.org/escape-string-regexp/-/escape-string-regexp-1.0.5.tgz 2296ms (cache miss)
1164 http fetch GET 200 https://registry.npmjs.org/multistream/-/multistream-2.1.1.tgz 2300ms (cache miss)
1165 http fetch GET 200 https://registry.npmjs.org/punycode/-/punycode-2.3.1.tgz 2406ms (cache miss)
1166 http fetch GET 200 https://registry.npmjs.org/assert-plus/-/assert-plus-1.0.0.tgz 2381ms (cache miss)
1167 http fetch GET 200 https://registry.npmjs.org/http-signature/-/http-signature-1.2.0.tgz 2359ms (cache miss)
1168 http fetch GET 200 https://registry.npmjs.org/tunnel-agent/-/tunnel-agent-0.6.0.tgz 2365ms (cache miss)
1169 http fetch GET 200 https://registry.npmjs.org/extend/-/extend-3.0.2.tgz 2357ms (cache miss)
1170 http fetch GET 200 https://registry.npmjs.org/caseless/-/caseless-0.12.0.tgz 2347ms (cache miss)
1171 http fetch GET 200 https://registry.npmjs.org/safe-buffer/-/safe-buffer-5.1.2.tgz 2347ms (cache miss)
1172 http fetch GET 200 https://registry.npmjs.org/core-util-is/-/core-util-is-1.0.3.tgz 2344ms (cache miss)
1173 http fetch GET 200 https://registry.npmjs.org/gopd/-/gopd-1.2.0.tgz 2324ms (cache miss)
1174 http fetch GET 200 https://registry.npmjs.org/parse5-parser-stream/-/parse5-parser-stream-7.1.2.tgz 2478ms (cache miss)
1175 http fetch GET 200 https://registry.npmjs.org/fast-deep-equal/-/fast-deep-equal-3.1.3.tgz 2404ms (cache miss)
1176 http fetch GET 200 https://registry.npmjs.org/inherits/-/inherits-2.0.4.tgz 2360ms (cache miss)
1177 http fetch GET 200 https://registry.npmjs.org/fake-useragent/-/fake-useragent-1.0.1.tgz 2360ms (cache miss)
1178 http fetch GET 200 https://registry.npmjs.org/function-bind/-/function-bind-1.1.2.tgz 2343ms (cache miss)
1179 http fetch GET 200 https://registry.npmjs.org/es-define-property/-/es-define-property-1.0.1.tgz 2341ms (cache miss)
1180 http fetch GET 200 https://registry.npmjs.org/es-errors/-/es-errors-1.3.0.tgz 2337ms (cache miss)
1181 http fetch GET 200 https://registry.npmjs.org/has-tostringtag/-/has-tostringtag-1.0.2.tgz 2340ms (cache miss)
1182 http fetch GET 200 https://registry.npmjs.org/delayed-stream/-/delayed-stream-1.0.0.tgz 2338ms (cache miss)
1183 http fetch GET 200 https://registry.npmjs.org/jsprim/-/jsprim-1.4.2.tgz 2443ms (cache miss)
1184 http fetch GET 200 https://registry.npmjs.org/hasown/-/hasown-2.0.4.tgz 2359ms (cache miss)
1185 http fetch GET 200 https://registry.npmjs.org/es-set-tostringtag/-/es-set-tostringtag-2.1.0.tgz 2358ms (cache miss)
1186 http fetch GET 200 https://registry.npmjs.org/proxy-from-env/-/proxy-from-env-2.1.0.tgz 2355ms (cache miss)
1187 http fetch GET 200 https://registry.npmjs.org/mime-types/-/mime-types-2.1.35.tgz 2362ms (cache miss)
1188 http fetch GET 200 https://registry.npmjs.org/call-bind-apply-helpers/-/call-bind-apply-helpers-1.0.2.tgz 2391ms (cache miss)
1189 http fetch GET 200 https://registry.npmjs.org/get-intrinsic/-/get-intrinsic-1.3.0.tgz 2390ms (cache miss)
1190 http fetch GET 200 https://registry.npmjs.org/combined-stream/-/combined-stream-1.0.8.tgz 2396ms (cache miss)
1191 http fetch GET 200 https://registry.npmjs.org/core-util-is/-/core-util-is-1.0.2.tgz 2381ms (cache miss)
1192 http fetch GET 200 https://registry.npmjs.org/get-proto/-/get-proto-1.0.1.tgz 2440ms (cache miss)
1193 http fetch GET 200 https://registry.npmjs.org/async/-/async-0.2.10.tgz 2418ms (cache miss)
1194 http fetch GET 200 https://registry.npmjs.org/yt-search/-/yt-search-2.13.1.tgz 2406ms (cache miss)
1195 http fetch GET 200 https://registry.npmjs.org/node-gtts/-/node-gtts-2.0.2.tgz 2416ms (cache miss)
1196 http fetch GET 200 https://registry.npmjs.org/which/-/which-1.3.1.tgz 2431ms (cache miss)
1197 http fetch GET 200 https://registry.npmjs.org/jsbn/-/jsbn-0.1.1.tgz 2582ms (cache miss)
1198 http fetch GET 200 https://registry.npmjs.org/tough-cookie 1969ms (cache miss)
1199 silly packumentCache corgi:https://registry.npmjs.org/tough-cookie set size:undefined disposed:false
1200 http fetch GET 200 https://registry.npmjs.org/dunder-proto/-/dunder-proto-1.0.1.tgz 2544ms (cache miss)
1201 http fetch GET 200 https://registry.npmjs.org/form-data 2016ms (cache miss)
1202 silly packumentCache corgi:https://registry.npmjs.org/form-data set size:undefined disposed:false
1203 http fetch GET 200 https://registry.npmjs.org/asn1/-/asn1-0.2.6.tgz 2638ms (cache miss)
1204 http fetch GET 200 https://registry.npmjs.org/es-object-atoms/-/es-object-atoms-1.1.2.tgz 2551ms (cache miss)
1205 http fetch GET 200 https://registry.npmjs.org/form-data/-/form-data-4.0.6.tgz 2530ms (cache miss)
1206 http fetch GET 200 https://registry.npmjs.org/uuid 2042ms (cache miss)
1207 silly packumentCache corgi:https://registry.npmjs.org/uuid set size:undefined disposed:false
1208 http fetch GET 200 https://registry.npmjs.org/request 2089ms (cache miss)
1209 silly packumentCache corgi:https://registry.npmjs.org/request set size:undefined disposed:false
1210 http fetch GET 200 https://registry.npmjs.org/mime-db/-/mime-db-1.52.0.tgz 2645ms (cache miss)
1211 http fetch GET 200 https://registry.npmjs.org/has-symbols/-/has-symbols-1.1.0.tgz 2645ms (cache miss)
1212 http fetch GET 200 https://registry.npmjs.org/qs 2122ms (cache miss)
1213 silly packumentCache corgi:https://registry.npmjs.org/qs set size:undefined disposed:false
1214 http fetch GET 200 https://registry.npmjs.org/form-data/-/form-data-2.3.3.tgz 2615ms (cache miss)
1215 http fetch GET 200 https://registry.npmjs.org/dashdash/-/dashdash-1.14.1.tgz 2755ms (cache miss)
1216 http fetch GET 200 https://registry.npmjs.org/https-proxy-agent/-/https-proxy-agent-5.0.1.tgz 2660ms (cache miss)
1217 warn deprecated uuid@3.4.0: uuid@10 and below is no longer supported.  For ESM codebases, update to uuid@latest.  For CommonJS codebases, use uuid@11 (but be aware this version will likely be deprecated in 2028).
1218 http fetch GET 200 https://registry.npmjs.org/agent-base/-/agent-base-6.0.2.tgz 2720ms (cache miss)
1219 http fetch GET 200 https://registry.npmjs.org/tough-cookie/-/tough-cookie-2.5.0.tgz 2792ms (cache miss)
1220 http fetch GET 200 https://registry.npmjs.org/performance-now/-/performance-now-2.1.0.tgz 2789ms (cache miss)
1221 http fetch GET 200 https://registry.npmjs.org/minimatch 2214ms (cache miss)
1222 silly packumentCache corgi:https://registry.npmjs.org/minimatch set size:undefined disposed:false
1223 http fetch GET 200 https://registry.npmjs.org/fast-json-stable-stringify/-/fast-json-stable-stringify-2.1.0.tgz 2833ms (cache miss)
1224 http fetch GET 200 https://registry.npmjs.org/qs/-/qs-6.5.5.tgz 2850ms (cache miss)
1225 http fetch GET 200 https://registry.npmjs.org/dom-serializer/-/dom-serializer-2.0.0.tgz 2948ms (cache miss)
1226 http fetch GET 200 https://registry.npmjs.org/asynckit/-/asynckit-0.4.0.tgz 2805ms (cache miss)
1227 http fetch GET 200 https://registry.npmjs.org/math-intrinsics/-/math-intrinsics-1.1.0.tgz 2846ms (cache miss)
1228 http fetch GET 200 https://registry.npmjs.org/@jsep-plugin/regex/-/regex-1.0.4.tgz 3019ms (cache miss)
1229 http fetch GET 200 https://registry.npmjs.org/tweetnacl/-/tweetnacl-0.14.5.tgz 2964ms (cache miss)
1230 http fetch GET 200 https://registry.npmjs.org/domhandler/-/domhandler-5.0.3.tgz 3020ms (cache miss)
1231 http fetch GET 200 https://registry.npmjs.org/readable-stream/-/readable-stream-2.3.8.tgz 2947ms (cache miss)
1232 http fetch GET 200 https://registry.npmjs.org/request/-/request-2.88.2.tgz 2945ms (cache miss)
1233 warn deprecated request@2.88.2: request has been deprecated, see https://github.com/request/request/issues/3142
1234 http fetch GET 200 https://registry.npmjs.org/jsep/-/jsep-1.4.0.tgz 3134ms (cache miss)
1235 http fetch GET 200 https://registry.npmjs.org/minimist/-/minimist-1.2.8.tgz 3090ms (cache miss)
1236 silly packumentCache corgi:https://registry.npmjs.org/node-gtts cache-miss
1237 http fetch GET 200 https://registry.npmjs.org/nth-check/-/nth-check-2.1.1.tgz 3212ms (cache miss)
1238 http fetch GET 200 https://registry.npmjs.org/encoding-sniffer/-/encoding-sniffer-0.2.1.tgz 3223ms (cache miss)
1239 http fetch GET 200 https://registry.npmjs.org/psl/-/psl-1.15.0.tgz 3248ms (cache miss)
1240 http fetch GET 200 https://registry.npmjs.org/jsonpath-plus/-/jsonpath-plus-10.3.0.tgz 3290ms (cache miss)
1241 http fetch GET 200 https://registry.npmjs.org/iconv-lite/-/iconv-lite-0.6.3.tgz 3348ms (cache miss)
1242 http fetch GET 200 https://registry.npmjs.org/sshpk/-/sshpk-1.18.0.tgz 3301ms (cache miss)
1243 http fetch GET 200 https://registry.npmjs.org/htmlparser2/-/htmlparser2-10.1.0.tgz 3492ms (cache miss)
1244 http fetch GET 200 https://registry.npmjs.org/domutils/-/domutils-3.2.2.tgz 3584ms (cache miss)
1245 http fetch GET 200 https://registry.npmjs.org/node-gtts 507ms (cache miss)
1246 silly packumentCache corgi:https://registry.npmjs.org/node-gtts set size:undefined disposed:false
1247 http fetch GET 200 https://registry.npmjs.org/uri-js/-/uri-js-4.4.1.tgz 3645ms (cache miss)
1248 http fetch GET 200 https://registry.npmjs.org/entities/-/entities-4.5.0.tgz 3855ms (cache miss)
1249 silly packumentCache corgi:https://registry.npmjs.org/redstar cache-miss
1250 http fetch GET 200 https://registry.npmjs.org/parse5/-/parse5-7.3.0.tgz 3973ms (cache miss)
1251 http fetch GET 200 https://registry.npmjs.org/redstar 111ms (cache miss)
1252 silly packumentCache corgi:https://registry.npmjs.org/redstar set size:undefined disposed:false
1253 silly packumentCache corgi:https://registry.npmjs.org/node-fzf cache-miss
1254 http fetch GET 200 https://registry.npmjs.org/entities/-/entities-6.0.1.tgz 3929ms (cache miss)
1255 http fetch GET 200 https://registry.npmjs.org/node-fzf 106ms (cache miss)
1256 silly packumentCache corgi:https://registry.npmjs.org/node-fzf set size:undefined disposed:false
1257 http fetch GET 200 https://registry.npmjs.org/ajv/-/ajv-6.15.0.tgz 4052ms (cache miss)
1258 silly packumentCache corgi:https://registry.npmjs.org/yt-search cache-miss
1259 http fetch GET 200 https://registry.npmjs.org/axios/-/axios-1.19.0.tgz 4027ms (cache miss)
1260 http fetch GET 200 https://registry.npmjs.org/css-select/-/css-select-5.2.2.tgz 4273ms (cache miss)
1261 http fetch GET 200 https://registry.npmjs.org/entities/-/entities-7.0.1.tgz 4109ms (cache miss)
1262 http fetch GET 200 https://registry.npmjs.org/yt-search 445ms (cache miss)
1263 silly packumentCache corgi:https://registry.npmjs.org/yt-search set size:undefined disposed:false
1264 http fetch GET 200 https://registry.npmjs.org/undici/-/undici-7.29.0.tgz 4707ms (cache miss)
1265 http fetch GET 200 https://registry.npmjs.org/cheerio/-/cheerio-1.2.0.tgz 4749ms (cache miss)
1266 http fetch GET 200 https://registry.npmjs.org/fluent-ffmpeg/-/fluent-ffmpeg-2.1.3.tgz 4674ms (cache miss)
1267 warn deprecated fluent-ffmpeg@2.1.3: Package no longer supported. Contact Support at https://www.npmjs.com/support for more info.
1268 silly ADD node_modules/lodash
1269 silly ADD node_modules/ansi-regex
1270 silly ADD node_modules/strip-ansi
1271 silly ADD node_modules/is-fullwidth-code-point
1272 silly ADD node_modules/mimic-fn
1273 silly ADD node_modules/signal-exit
1274 silly ADD node_modules/onetime
1275 silly ADD node_modules/concat-map
1276 silly ADD node_modules/balanced-match
1277 silly ADD node_modules/brace-expansion
1278 silly ADD node_modules/minimatch
1279 silly ADD node_modules/ttys
1280 silly ADD node_modules/string-width
1281 silly ADD node_modules/restore-cursor
1282 silly ADD node_modules/redstar
1283 silly ADD node_modules/picocolors
1284 silly ADD node_modules/keypress
1285 silly ADD node_modules/@jsep-plugin/regex
1286 silly ADD node_modules/jsep
1287 silly ADD node_modules/@jsep-plugin/assignment
1288 silly ADD node_modules/whatwg-encoding
1289 silly ADD node_modules/iconv-lite
1290 silly ADD node_modules/entities
1291 silly ADD node_modules/nth-check
1292 silly ADD node_modules/domelementtype
1293 silly ADD node_modules/css-what
1294 silly ADD node_modules/css-select
1295 silly ADD node_modules/boolbase
1296 silly ADD node_modules/whatwg-mimetype
1297 silly ADD node_modules/undici
1298 silly ADD node_modules/parse5-parser-stream
1299 silly ADD node_modules/parse5-htmlparser2-tree-adapter
1300 silly ADD node_modules/parse5
1301 silly ADD node_modules/parse5/node_modules/entities
1302 silly ADD node_modules/htmlparser2
1303 silly ADD node_modules/htmlparser2/node_modules/entities
1304 silly ADD node_modules/encoding-sniffer
1305 silly ADD node_modules/domutils
1306 silly ADD node_modules/domhandler
1307 silly ADD node_modules/dom-serializer
1308 silly ADD node_modules/cheerio-select
1309 silly ADD node_modules/async.util.restparam
1310 silly ADD node_modules/async.util.isarray
1311 silly ADD node_modules/async.util.keys
1312 silly ADD node_modules/async.util.isarraylike
1313 silly ADD node_modules/async.util.onlyonce
1314 silly ADD node_modules/async.util.once
1315 silly ADD node_modules/async.util.noop
1316 silly ADD node_modules/async.util.keyiterator
1317 silly ADD node_modules/async.util.parallel
1318 silly ADD node_modules/async.util.eachoflimit
1319 silly ADD node_modules/node-fzf
1320 silly ADD node_modules/minimist
1321 silly ADD node_modules/jsonpath-plus
1322 silly ADD node_modules/human-time
1323 silly ADD node_modules/dasu
1324 silly ADD node_modules/cheerio
1325 silly ADD node_modules/boolstring
1326 silly ADD node_modules/async.parallellimit
1327 silly ADD node_modules/isexe
1328 silly ADD node_modules/punycode
1329 silly ADD node_modules/psl
1330 silly ADD node_modules/tweetnacl
1331 silly ADD node_modules/safer-buffer
1332 silly ADD node_modules/jsbn
1333 silly ADD node_modules/getpass
1334 silly ADD node_modules/ecc-jsbn
1335 silly ADD node_modules/dashdash
1336 silly ADD node_modules/bcrypt-pbkdf
1337 silly ADD node_modules/asn1
1338 silly ADD node_modules/verror
1339 silly ADD node_modules/verror/node_modules/core-util-is
1340 silly ADD node_modules/json-schema
1341 silly ADD node_modules/extsprintf
1342 silly ADD node_modules/sshpk
1343 silly ADD node_modules/jsprim
1344 silly ADD node_modules/assert-plus
1345 silly ADD node_modules/uri-js
1346 silly ADD node_modules/json-schema-traverse
1347 silly ADD node_modules/fast-json-stable-stringify
1348 silly ADD node_modules/fast-deep-equal
1349 silly ADD node_modules/har-schema
1350 silly ADD node_modules/ajv
1351 silly ADD node_modules/uuid
1352 silly ADD node_modules/tunnel-agent
1353 silly ADD node_modules/tough-cookie
1354 silly ADD node_modules/qs
1355 silly ADD node_modules/performance-now
1356 silly ADD node_modules/oauth-sign
1357 silly ADD node_modules/json-stringify-safe
1358 silly ADD node_modules/isstream
1359 silly ADD node_modules/is-typedarray
1360 silly ADD node_modules/http-signature
1361 silly ADD node_modules/har-validator
1362 silly ADD node_modules/forever-agent
1363 silly ADD node_modules/extend
1364 silly ADD node_modules/caseless
1365 silly ADD node_modules/aws4
1366 silly ADD node_modules/aws-sign2
1367 silly ADD node_modules/util-deprecate
1368 silly ADD node_modules/string_decoder
1369 silly ADD node_modules/safe-buffer
1370 silly ADD node_modules/process-nextick-args
1371 silly ADD node_modules/isarray
1372 silly ADD node_modules/core-util-is
1373 silly ADD node_modules/readable-stream
1374 silly ADD node_modules/inherits
1375 silly ADD node_modules/request
1376 silly ADD node_modules/request/node_modules/form-data
1377 silly ADD node_modules/multistream
1378 silly ADD node_modules/fake-useragent
1379 silly ADD node_modules/escape-string-regexp
1380 silly ADD node_modules/mime-db
1381 silly ADD node_modules/agent-base
1382 silly ADD node_modules/dunder-proto
1383 silly ADD node_modules/math-intrinsics
1384 silly ADD node_modules/has-symbols
1385 silly ADD node_modules/gopd
1386 silly ADD node_modules/get-proto
1387 silly ADD node_modules/function-bind
1388 silly ADD node_modules/es-object-atoms
1389 silly ADD node_modules/es-define-property
1390 silly ADD node_modules/call-bind-apply-helpers
1391 silly ADD node_modules/has-tostringtag
1392 silly ADD node_modules/get-intrinsic
1393 silly ADD node_modules/es-errors
1394 silly ADD node_modules/delayed-stream
1395 silly ADD node_modules/mime-types
1396 silly ADD node_modules/hasown
1397 silly ADD node_modules/es-set-tostringtag
1398 silly ADD node_modules/combined-stream
1399 silly ADD node_modules/asynckit
1400 silly ADD node_modules/which
1401 silly ADD node_modules/async
1402 silly ADD node_modules/proxy-from-env
1403 silly ADD node_modules/https-proxy-agent
1404 silly ADD node_modules/form-data
1405 silly ADD node_modules/follow-redirects
1406 silly ADD node_modules/yt-search
1407 silly ADD node_modules/node-gtts
1408 silly ADD node_modules/node-gtts/node_modules/async
1409 silly ADD node_modules/fluent-ffmpeg
1410 silly ADD node_modules/axios
1411 warn allow-scripts 2 packages have install scripts not yet covered by allowScripts:
1411 warn allow-scripts   protobufjs@7.6.5 (postinstall: node scripts/postinstall)
1411 warn allow-scripts   @whiskeysockets/baileys@7.0.0-rc14 (preinstall: node ./engine-requirements.js)
1411 warn allow-scripts
1411 warn allow-scripts Run `npm approve-scripts --allow-scripts-pending` to review, or `npm approve-scripts <pkg>` to allow.
1412 verbose cwd /data/data/com.termux/files/home
1413 verbose os Linux 4.19.157-perf+
1414 verbose node v26.3.1
1415 verbose npm  v11.17.0
1416 verbose exit 0
1417 info ok
